station,x,y
Jipyeong,127.6290656,37.47681
Guksu,127.3993318,37.5161724
Yangpyeong,127.4918972,37.4928474
Gongneung,127.0730437,37.6256358
Namgwangju,126.9227716,35.1394416
Airport,126.8117129,35.144104
Kimdaejung Convention Center,126.841324,35.1431981
Nongseong,126.8840429,35.1532154
Geumnamro 5-ga,126.9100714,35.1537076
Geumnamno 4(sa)-ga,126.9145807,35.1507055
Sotae,126.9322262,35.1236091
Nokdong,126.9339897,35.1068236
Dong-gu Office,128.6322347,35.884396
Dongdaegu,128.627468,35.8774172
Buk-gu Office,128.581437,35.883813
Pyeongchang,128.4300343,37.5619574
Gangneung,128.8993979,37.76452
Jinbu(Odaesan),128.5748224,37.6425685
Myeongdong,126.9863762,37.5608977
Seowonju,127.8393953,37.3485297
Gosari,129.0615255,37.2669738
Bonghwa,128.7268956,36.8914813
Chunyang,128.9198754,36.9378718
Yangwon,129.0913934,36.9638281
Mundan,128.6825305,36.8634051
Dongbaeksan,129.0345384,37.1549137
Sinmokdong,126.8831758,37.544211
Aeogae,126.9566976,37.553428
Sasang,128.989003,35.1624853
Mulgeum,128.9853853,35.3066353
Gupo,128.9973006,35.2053084
Suyu,127.0257229,37.6379932
Chilgok Kyungpook Nat'l Univ. Medical Center,128.559879,35.9583838
Suseongmot,128.623188,35.831413
Suseong District Stadium,128.6251521,35.852365
Namsan,128.5833231,35.8567438
Hakjeong,128.5591764,35.9515422
Palgeo,128.5583357,35.9440326
Dongcheon,128.5566571,35.9376827
Guam,128.5503144,35.9256982
Taejeon,128.547392,35.9196722
Maecheon,128.5434558,35.9126737
Maecheon Market,128.5456935,35.904335
Paldal,128.5466972,35.897872
Gongdan,128.5536252,35.8919819
Manpyeong,128.5610405,35.8898546
Dalseong Park,128.582094,35.8756768
Seomun Market,128.5822849,35.8696706
Namsan,128.5834129,35.8566947
Myeongdeok,128.5899443,35.8569733
Daebonggyo,128.6062535,35.8550288
Suseong District Stadium,128.625173,35.852363
Munyang,128.4371644,35.8643039
Yeonho,128.6719445,35.8464924
Seongseo Industrial Complex,128.5070241,35.8516848
Beommul,128.6401269,35.8208664
Yongji,128.646413,35.818232
Miryang,128.7714177,35.4748507
Samrangjin,128.8438715,35.3990296
Namseonghyeon,128.7162166,35.7048337
Cheongdo,128.7461654,35.6398546
Sangdong,128.7604039,35.5557169
Sangmu,126.848655,35.1467308
Waegwan,128.4004803,35.9920486
Sindong,128.4861116,35.9554422
Yangmok,128.3643256,36.0375533
Muan,126.5175783,34.9627975
Dasi,126.6411305,35.0164504
Mongtan,126.5037002,34.9298291
Illo,126.4772587,34.8487082
Baekyangsa,126.80776,35.4317191
Hoengseong,128.0104835,37.4828074
Hamyeol,126.9565697,36.0801666
Sintaein,126.8841325,35.6877264
Yeonsan,127.2009309,36.2119554
Yeonmudae,127.087901,36.1242869
Nonsan,127.0928492,36.2069077
Deokyang,127.6274319,34.8121232
Samgakji,126.9738885,37.535478
Geumho,127.0159247,37.5479735
Gimcheon,128.115032,36.1238437
Chupungnyeong,127.9963927,36.2128103
Euljiro 3(sam)-ga,126.9925305,37.5663363
Noksapyeong,126.9865773,37.53492
National Assembly,126.9169794,37.5289733
Danggok,126.9279108,37.4896958
City Hall,126.9747869,37.5633295
Sinjeong,126.8559699,37.5250413
Daerim,126.8955417,37.4924623
Singil,126.9163515,37.5175077
Ilgwang,129.2332968,35.268279
Sangwangsimni,127.0292513,37.564391
Geungnakgang,126.8309058,35.1762466
Jinhae,128.661638,35.1528966
Masan,128.576728,35.2363635
Pusan Nat'l Univ. Yangsan Campus station,129.0139405,35.3169214
Hopo,129.0174394,35.2811219
Nopo,129.0951147,35.2839721
Bonghwang,128.8742798,35.227204
Cheyuk Park,128.9693797,35.2124735
Gupo,128.996352,35.2066938
Daejeo,128.9604713,35.2130537
Deunggu,128.9634997,35.1961591
Anjirang,128.5738617,35.8391727
Bangogae,128.573531,35.862462
Damti,128.6542325,35.8547073
National University of Education,128.5906054,35.8509515
Imdang,128.7409187,35.8340857
Sawol,128.7160385,35.8369321
Gyemyeongdae,128.4919275,35.8514819
Yeonji Park,128.8692143,35.2496698
Chilseong Market,128.6050826,35.8761023
Hwawon,128.5003858,35.8042858
Hwanggeum,128.623898,35.8390942
Suseongmot,128.6231953,35.8313319
Seokhang,128.6205564,37.1972666
Seogyeongju,129.1808636,35.8846915
NA,128.6973143,37.2159828
NA,128.697919,37.227742
Mungok,128.9898642,37.1517538
Chilgok·Unam,128.5544922,35.9314193
Wondae,128.5743335,35.8878528
Geumgang,128.7373933,35.8624915
Yeongcheon,128.9388909,35.9590454
Bukyeongcheon,128.9135767,35.9715431
Suseong Market,128.6160011,35.8543858
Daebonggyo,128.6063189,35.8550505
Jisan,128.6318186,35.825252
Yongji,128.6464356,35.8182651
Sincheon,128.6176341,35.8746014
Bongseong,128.8306232,36.8944927
Heungjeon,129.0355259,37.2137086
Gohan,128.8529765,37.2008397
Kyungpook Nat'l univ. Hospital,128.6031533,35.8631273
Geondeulbawi,128.5995807,35.8554258
Banseong,128.2582437,35.1748106
NA,129.0272936,37.1496012
Baeksan,129.0335752,37.138502
Daegeumgul Cave MonoRail,129.0182371,37.3233268
Duwon (Closed),128.1013147,36.2209039
Gosan,128.693313,35.8429485
Bugulsan,129.3724491,35.6148687
Sacheon,128.0903825,35.0933974
Uiseong,128.693128,36.35336
Gaeunpo,129.3211169,35.5078991
Seosaeng,129.2929527,35.3461278
Amnok,127.3739296,35.1976801
Jangjeon,129.0880983,35.2382122
Kyungsung Univ. · Pukyong Nat'l Univ.,129.100531,35.137558
Songjeong,129.2020644,35.1877248
Seongsan,127.5459034,34.924663
Pyengwha,127.5509629,34.9429318
Suncheon,127.5040597,34.9458107
Yulchon,127.5767913,34.8756053
Yeocheon,127.6644496,34.7794624
Gwanggok,127.0730183,34.7964818
Hoengcheon,127.8088409,35.1029561
Jeongnyang,127.7105834,34.8559149
Wansa,127.977368,35.1343532
Seowon,126.9330072,37.4782057
Boramae Medical Center,126.9242732,37.4929641
Seoksu,126.9023059,37.4351332
Yadang,126.7615226,37.7129672
Jeongbalsan,126.7732651,37.659711
Sports Complex,129.0675707,35.1908882
Sillim,126.9296803,37.4842316
Seonbawi,127.0021114,37.4518055
Daehwa,126.7473055,37.6762239
Gangnam,127.0275574,37.4979497
Deokha,129.3031207,35.4940675
Chunjangdae (Closed),126.5186012,36.1539575
Seungbu,129.0839046,36.993667
Pusan Nat'l Univ.,129.0893608,35.2296377
Jillye,128.7630015,35.2665069
Jinyeong,128.7735504,35.2987478
NA,128.5091641,37.1833577
NA,128.7397402,37.2692471
Jeongseon,128.6726322,37.3879456
NA,128.668432,37.4497823
NA,128.5552232,37.1907577
Dunnae,128.2212714,37.5100212
Buwon,128.8838834,35.2264639
Gimhae City Hall,128.8903754,35.2270823
Hallimjeong,128.8042194,35.3231176
Mulmangol,129.0858394,35.1766404
Yeongwol,128.4809263,37.1821719
Eodeung,128.5600944,36.7154217
Baesan,129.095751,35.173473
Mangmi,129.1075228,35.1717526
Geojehaemaji,129.0690909,35.1814092
City Hall,129.0766143,35.1797067
BEXCO (Busan Museum of Art),129.1360969,35.1715714
Centum City,129.1312167,35.1685922
NA,128.7336795,37.2366742
NA,128.7736429,37.2436437
Toseong,129.01979,35.100761
Beopjeon,128.8833652,36.9168911
ChooChoo Station,129.0392949,37.1817071
Dongjeom,129.0463267,37.0843692
Seokpo,129.0612253,37.0452757
Yeondang,128.3960793,37.1849921
Songhak Station (Closed),128.2701039,37.186946
Jecheon,128.2059637,37.1270743
Hwamyeong,129.0076308,35.2344564
Suyeong,129.114705,35.1654141
Donghae,129.1226016,37.4975753
Dongnae,129.0911451,35.1972513
Jaesong,129.1200991,35.1880412
Busanwondong,129.1141622,35.1936252
Centum,129.1245187,35.1794562
Wondong,128.9207978,35.3624248
Bongyang,128.1314707,37.1297418
Mandeok,129.0364611,35.2129876
Duryu,128.555613,35.857212
Namsanjeong Station,129.023926,35.213327
NA,128.0618457,36.6527667
Jicheon,128.5001806,35.8973951
Daejeo,128.9610874,35.2133357
Galchon,128.211666,35.1458105
Banyawol,128.7137005,35.8659937
Daesil,128.4656502,35.8572721
Daegu Bank,128.6140996,35.8597624
Beomil,129.059365,35.140947
NA,128.0943658,36.2829061
Sajik,129.0650736,35.1990919
Sasang,128.9845867,35.1624697
Pyeonggang,128.9506383,35.2140223
Daesa,128.9383852,35.2177753
Inje University,128.9017745,35.2280744
Buram,128.9278476,35.2221749
Jinae,128.9237872,35.2275145
Gimhae College,128.9155466,35.2289971
Gunam,128.9949483,35.1968242
Yongsan,128.5287818,35.8490535
Seomyeon,129.0592588,35.1577739
Beomil,129.0575131,35.1451117
Busanjin,129.0492214,35.1290282
Ansim,128.7336597,35.8711804
Hayang,128.81844,35.909587
Sinnyeong,128.791276,36.0333598
Daegu Grand Park,128.6800402,35.8424551
Yeungnam University Hospital,128.5885906,35.8444171
Myeongdeok,128.5901008,35.8569997
Geondeulbawi,128.5995656,35.8554495
Suseong-gu Office,128.6357083,35.8588133
Jukjeon,128.5382364,35.8504172
Gamsam,128.548143,35.854322
Yeungnam University,128.7534309,35.8365403
Namcheolsongjang,128.8072879,35.0620328
Jungang,129.036368,35.10384
Nampo,129.0349473,35.0979243
NA,128.7016046,35.2425718
Choryang,129.043037,35.121169
Busan,129.0399028,35.1157262
Jincheon,128.5226535,35.8138089
Changwon,128.6070336,35.2581253
Nokdong,128.9556475,36.9164639
Daegok,128.5125007,35.8094196
Jagalchi,129.02668,35.097371
Busan Sinhang station,128.8467054,35.1178873
Dongmae,128.9734415,35.0897855
NA,128.6149793,34.8657977
Cheongmyeong,127.0795065,37.2599557
MaetanGwonseon,127.0403832,37.2530134
Hwarangdae,127.0837122,37.6197841
Asin,127.4432229,37.5139165
Maebong,127.046978,37.4870692
Konkuk Univ.,127.069384,37.5403626
Daemosan,127.0727494,37.491389
Apgujungrodeo,127.0407094,37.5278128
Seolleung,127.0487082,37.5051756
Yatap,127.1287143,37.4112976
Taepyeong,127.1277447,37.4397089
Wolgok,127.0414554,37.60192
Dujeong,127.1489375,36.8336521
Children's Grand Park,127.0743915,37.5475998
Hwanggan,127.9122487,36.2243141
Imsil,127.2898846,35.6329664
Jung-gu,127.4195775,36.3247793
Dae-dong,127.4429079,36.3294086
Jungangno,127.4259177,36.3285894
Sinheung,127.4489649,36.3195844
Seodaejeon,127.403122,36.3224768
Oryong,127.4050618,36.3283959
Yongmun,127.3932583,36.3382037
Gongju,127.0966368,36.3322371
Silli,127.2062863,35.7740291
Yeongdong,127.7858142,36.1726667
Iwon,127.6186518,36.243989
World Cup Stadium,127.3179022,36.366828
Yuseong Spa,127.3416486,36.353704
Sasang,128.9859388,35.1622789
Geoje,129.0739965,35.1885412
Bujeon,129.0601074,35.1646008
Geoyeo,127.1437709,37.4933453
Hwanseongul Cave MonoRail,129.0121996,37.3224537
Korea Univ.,127.0360133,37.5903784
Yongmasan,127.0865798,37.573993
OSIRIA,129.2083168,35.1962844
Yangsan,129.0264364,35.3387432
Guseong,127.1036385,37.2990487
Guseong,127.1057537,37.299009
Bupyeong,126.7237346,37.4899854
Bupyeong Market,126.722289,37.4983678
NA,127.7193953,35.0151617
Yedang,127.2022876,34.7786269
Bangi,127.1260388,37.5086429
Ganseogogeori,126.7079494,37.4671553
Hoehyeon,126.9784167,37.5586981
Sookmyung Women's Univ.,126.9720063,37.5451398
Seongsu,127.0561016,37.5445688
Dongdaesin,129.0177611,35.1103454
Bonghwasan,127.0910968,37.6174165
Sapgyo,126.7515305,36.6798216
Kangnam Univ.,127.1261278,37.2701593
Hadan,128.9667606,35.1062348
Dangni,128.9738261,35.1034754
Saha,128.983094,35.09984
Goejeong,128.992862,35.0999307
Seodaesin,129.0120406,35.1108608
Jangnim,128.9774839,35.0819425
Dadaepo Beach,128.9662119,35.0480653
Sinpyeong,128.9606813,35.0952151
Sinjangnim,128.9768092,35.0745502
Dadaepo Harbor,128.9714694,35.0576593
Sinhaeundae,129.1768241,35.1817359
Allak,129.1005867,35.1960354
Gangseo Office,128.981958,35.2112255
Busan National University of Education,129.0796231,35.1937864
Sukdeung,129.012758,35.211967
Jiseok,127.1366332,37.2697513
Eojeong,127.1437238,37.2749325
Sanghyeon,127.069302,37.2975826
NA,127.8834939,35.1114044
Geoje,129.074496,35.1897011
Yeonsan,129.0814664,35.1860043
Yeonsan,129.0814899,35.1859794
Cheongna Int'l City,126.6246922,37.5564451
Jangja Lake Park,127.1379117,37.587406
Jinju,128.1183494,35.1501201
Hadong,127.7616118,35.0638799
Guri,127.1408384,37.6022712
Donggureung,127.1381088,37.6105143
Dasan,127.1497626,37.6243286
Byeollae,127.1278172,37.6420348
Guri,127.1433747,37.6032517
Amsa History Park,127.1374318,37.5570469
Byeollae,127.1276086,37.642333
Eonju,127.0338746,37.507321
Bokjeong,127.1267127,37.4705773
Bokjeong,127.1267307,37.470916
Seo-gu Office,126.6768161,37.5439777
Sang-dong,126.7531743,37.5058355
Yesan,126.8284677,36.6871147
Wangsimni,127.0357093,37.5609924
City Hall,126.977114,37.5654798
Jochiwon,127.2958888,36.60102
Jeonui,127.2023372,36.6784389
Buncheon,129.0586911,36.9325881
Uijeongbu,127.0460501,37.7377035
Gwaebeop Renecite,128.977588,35.1632816
Chunui,126.7872014,37.5037314
Bucheon Stadium,126.7974606,37.5058364
Seocheon,126.7084727,36.0821954
Daecheong,127.0795515,37.4936283
Yangjae,127.0341455,37.4844005
Itaewon,126.9943705,37.5345026
Yemi,128.6483309,37.2124522
Oksu,127.0183585,37.540264
Hampyeong,126.5390794,35.0236844
Dongbaek,129.1480904,35.161277
Yeouido,126.9243018,37.5216685
NA,126.8211538,37.6411644
Dokbawi,126.9330214,37.6183371
Yeonsinnae,126.9211838,37.6189247
Digital Media City,126.8980769,37.5773957
Digital Media City,126.9014558,37.5761895
Deungchon,126.864574,37.5511518
Janggi,126.6690138,37.6440265
Yeongdeungpo Market,126.9051415,37.5226934
NA,126.839832,37.6625411
Yeongdeungpo-gu Office,126.8963369,37.5240181
Mullae,126.8948726,37.5183839
Yangpyeong,126.8861176,37.5256329
Sinpung,126.9088751,37.5001667
Sindaebang,126.9133919,37.4875949
Gasan Digital Complex,126.8828796,37.4804538
Namguro,126.8866651,37.4853612
Sincheon,126.7867997,37.4393096
Imhak,126.7387202,37.5451163
Gwangmyeongsageori,126.8544598,37.4794207
Mangwon,126.9101277,37.5560254
Dangsan,126.902478,37.5345964
Dangsan,126.9026845,37.533531
Yeosu EXPO,127.7492394,34.7555141
Omokgyo,126.8751222,37.5245648
Banghwa,126.812732,37.5774043
Hanseong Baekje,127.1162125,37.5166702
Administration Complex,126.4585816,37.4404999
Imgi,128.9993399,36.9036827
Bidong,129.073834,36.957591
Deokcheon,129.005332,35.2100369
Cheoram,129.036627,37.1130288
Heungguksa,127.6759131,34.8163198
Presbyterian University,128.8672492,35.2593885
Kaya University,128.8649491,35.2668299
Gimhae National Museum,128.8718193,35.2400038
Royal Tomb of King Suro,128.8720995,35.2328426
Deokdu,128.9540604,35.1819535
Incheon International Airport Cargo Terminal,126.4774954,37.4590304
Yeongdeungpo,126.9072076,37.5153957
Sabuk,128.8170335,37.2261666
NA,126.8503633,37.678492
Mok-dong,126.8645174,37.5261241
NA,126.8937392,37.680357
Jeungsan,126.9099118,37.5841441
Jeongdongjin,129.0325076,37.6918304
Meokgol,127.0776518,37.6114417
Sangbong,127.0855918,37.5960832
Eoryong,127.0852152,37.7426841
Jinjeop,127.2032505,37.7200538
Byeollaebyeolgaram,127.1162693,37.6678242
Hyoja,127.0772696,37.753942
Onam,127.1911664,37.7052338
Hangangjin,127.0017506,37.5397964
Cheongnyangni,127.0446284,37.5799754
Wondang,126.8428981,37.6530498
Gyesan,126.7278571,37.543336
Pungmu,126.7324628,37.612374
Dowon,126.6424009,37.4688261
Wolmi Sea,126.616568,37.4754349
Museum,126.5974595,37.4703629
Wolmi Park,126.6061084,37.4763533
Majeon,126.6672467,37.5975663
Bucheon Stadium,126.7972885,37.5054566
Haengdang,127.0299929,37.5576063
Hanyang Univ.,127.0436642,37.5557271
Gochon,126.7702118,37.6012627
Jakjeon,126.7225307,37.5303129
Ssangmun,127.0345788,37.6484028
Beomgol,127.0436814,37.7287726
LRT Uijeongbu,127.0433811,37.7372852
Sae-mal,127.0637819,37.7488539
Konkuk Univ.,127.0708644,37.5404436
Incheon City Hall,126.7020849,37.4572915
Sangok,126.7036926,37.5086974
Bupyeongsamgeori,126.7103571,37.4779093
Arts Center,126.7009761,37.449506
Suraksan,127.0553431,37.6778035
Gajaeul,126.6839791,37.4839499
Seongnam,126.6746369,37.5062862
Saejeol,126.9137922,37.5916491
Janghanpyeong,127.0645666,37.5614909
Ujangsan,126.8363227,37.5488943
Central Park,126.6345613,37.3935066
Incheon Nat'l Univ.,126.6394474,37.386116
Yeongjong,126.524599,37.5118887
Heungseon,127.0371979,37.7432923
Songchu,126.9793955,37.7208329
Munhak Sports Complex,126.6977955,37.4351045
Incheon Bus Terminal,126.6997157,37.4419457
Anguk,126.9861709,37.5768279
Jongno 5(o)-ga,127.0020222,37.5709867
Moraenae Market,126.7194799,37.455858
Mansu,126.7318593,37.4549681
International Business District,126.6304116,37.3997869
Songdo Moonlight Festival Park,126.6261064,37.4068054
Dongmyo,127.0174344,37.5735084
Sungshin Women's University,127.0165294,37.5924189
Sungshin Women's University,127.0164764,37.5926755
Sinseol-dong,127.0231865,37.5759931
Majang,127.042881,37.5660982
Sindang,127.016252,37.5653839
Singeumho,127.0202485,37.554429
Cheonggu,127.0137776,37.5602311
Bukhansan Bogungmun,127.0081741,37.6121803
Junggye,127.0638733,37.6455373
Dolgoji,127.0564932,37.6105663
Sangwolgok,127.0482722,37.6062379
Hagye,127.068252,37.6360179
Dongdaemun,127.0095288,37.5704964
Dongdaemun,127.0114887,37.5718616
Yaksu,127.0103868,37.5549186
Dongguk Univ.,127.005727,37.5590607
Wangsimni,127.0371526,37.5612078
Unseo,126.4937678,37.4928006
Nowon,127.0604932,37.6545911
VHS Medical Center,127.1482582,37.5282799
Dunchon Oryun,127.1384179,37.5198411
Dunchon-dong,127.1362433,37.5278024
Olympic Park,127.1309298,37.5161479
Hwagye,127.0174887,37.6340274
Samyang,127.0181757,37.6269234
Mia,127.0261091,37.6264941
Hyehwa,127.0019525,37.5821381
Hansung University,127.0059624,37.5885141
Sanggye,127.073439,37.6607649
Gaori,127.0165705,37.6419736
Jamsilsaenae,127.085571,37.5115881
Samseong,127.063143,37.5088402
Dongdaemun History & Culture Park,127.0081233,37.5652615
Jegi-dong,127.0344672,37.5783784
Hwagok,126.840397,37.5416728
Godeok,127.1537755,37.5549771
Gangdong,127.1325955,37.5357969
Cheongdam,127.0516784,37.5190912
Yangchon,126.6147983,37.6416413
Songjeong,126.8119428,37.5612772
Sinbanghwa,126.8165921,37.5674973
Gireum,127.0248525,37.6031599
Sapyeong,127.0151398,37.5042952
Yeoksam,127.03696,37.5008221
Nonhyeon,127.0213641,37.5109791
Samjeon,127.0872078,37.5045347
Apgujeong,127.0284989,37.5261847
Sinsa,127.0195159,37.5161089
Sinmang-ri,127.0784611,38.1325039
Jamsil,127.1001365,37.5132169
Jejin,128.388695,38.5675639
Namchuncheon,127.7239381,37.8640114
Gangchon,127.6341294,37.8057137
Gimyujeong,127.7140763,37.8184357
Gulbongsan,127.5571369,37.8319287
Sintan-ri,127.1394867,38.2127801
Danyang,128.34404,36.9731041
Punggi,128.5234721,36.8740554
Gaepo,128.3285628,36.6269426
Cheongju,127.3923613,36.6471132
Ogeunjang,127.4778612,36.6998966
Nokbeon,126.9357307,37.6009733
Gupabal,126.9188046,37.6368919
Sogang Univ.,126.9351841,37.552353
Gwangheungchang,126.9319609,37.5474717
Sangsu,126.9228923,37.5477577
Ewha Womans Univ.,126.9458346,37.5567733
Ahyeon,126.9561209,37.5574309
Dongnimmun,126.9578361,37.5745584
Gongdeok,126.9508061,37.5436538
Daeheung,126.9423451,37.5476992
Mapo,126.9459929,37.5396369
Namseong,126.9718936,37.4843545
Gyeongbokgung,126.973629,37.5757924
Junggok,127.0845155,37.5663055
Jangseungbaegi,126.9392793,37.5050172
Noryangjin,126.9415727,37.5136137
Hongik Univ.,126.9256952,37.5582622
Beotigogae,127.0065879,37.5482323
Guui,127.0862214,37.5371676
Myeonmok,127.0876041,37.5884004
Sagajeong,127.0884106,37.5806971
Achasan,127.0897955,37.5516981
Sillim,126.9296105,37.4846585
Yeouinaru,126.9325288,37.5268526
Saetgang,126.928282,37.517362
Dongjak,126.9803481,37.5031081
Sinyongsan,126.9678569,37.5291744
Naebang,126.9935544,37.4876455
Hwaseo,126.9896135,37.2839144
Seocho,127.007681,37.4917747
Janghang,126.7153815,36.0400309
Muakjae,126.9503501,37.5823172
Gunja,127.0795575,37.5572448
Woninjae,126.6865914,37.4131241
Euljiro 4(sa)-ga,126.9981685,37.5666425
Gwanghwamun,126.9769026,37.5716162
Wonsi,126.7867849,37.3025572
Jonggak,126.9831831,37.5701745
Euljiro 1(il)-ga,126.9826171,37.5659494
Chungjeongno,126.9629108,37.5593715
Water Park,126.434173,37.4292981
Terminal 2,126.4358904,37.4661319
Concourse,126.4449946,37.4558762
Long Term Parking,126.4555716,37.4439313
Sindaebangsamgeori,126.9282246,37.499706
Boramae,126.9203764,37.4999284
Soongsil Univ.,126.9541334,37.4956862
Nakseongdae,126.9634876,37.4770623
Gwanaksan,126.945328,37.4687357
Bangbae,126.9977072,37.4814662
Gwacheon,126.9969576,37.4330744
Incheon Int'l Airport Terminal 1,126.4527808,37.447159
NA,126.5947591,36.3155876
Sinseong,126.6624096,36.5679864
Guro Digital Complex,126.9015916,37.4852761
Sangnoksu,126.8667779,37.3028126
Hanyang Univ. at Ansan,126.8536143,37.3097347
Jupo,126.571563,36.410559
Cheongso,126.5907764,36.4456785
Pangyo,126.6794253,36.1554157
Wondu (Closed),126.5936274,36.1683746
NA,126.6067347,36.2359262
Gwangcheon,126.622414,36.50176
Sinwon,127.3727035,37.5259709
Yangsu,127.329015,37.5460245
Ungilsan,127.3098747,37.5547878
Hanam Geomdansan,127.2235329,37.5397035
Paldang,127.243806,37.5474851
Sindundoyechon,127.405293,37.3155483
Bopyeong,127.2185139,37.2588835
Dongcheon,127.1028283,37.338098
NA,127.1091598,37.3494279
Jeongja,127.1084366,37.3666515
Gwanggyo Jungang,127.0515351,37.2885522
Seongbok,127.0803769,37.3134999
NA,128.7221084,37.4728673
Munjeong,127.1225184,37.4858358
Mokhaeng,127.932717,37.016701
Daechi,127.0631933,37.4944743
Hangnyeoul,127.0698841,37.4964975
Dogyeong-ri,129.1158164,37.4421437
Nambu Bus Terminal,127.0163445,37.484943
Jangnak Station (Closed),128.231558,37.158049
Migeum,127.1088905,37.3499776
Seryu,127.0137222,37.2441147
Yangjae,127.0348488,37.4837051
Gwanggyo,127.0442808,37.3021094
NA,128.7126832,37.3217574
Cheonggyesan,127.0546427,37.4483106
Yangjae Citizen's Forest,127.0384772,37.4697097
Seokbul,127.6549407,37.4599748
Ilsin,127.6890047,37.4453582
Imae,127.1282395,37.3953023
National Police Hospital,127.1239038,37.495401
Gimnyangjang,127.1986306,37.2372568
Myongji Univ.,127.1903475,37.2379656
Obin,127.4738918,37.5061587
Moran,127.1291547,37.4337388
Cheonho,127.1234021,37.5385225
Gwangnaru,127.103527,37.5453014
Amsa,127.1275385,37.5501059
Gil-dong,127.1402049,37.5383683
Gubeundari,127.1429622,37.5456375
Myeongil,127.1440847,37.5519533
Sangil-dong,127.1667789,37.5567762
Misa,127.192822,37.5630546
Gongjeon,128.0779588,37.1014145
Mukhohang,129.112032,37.539852
Gaerong,127.1348432,37.4980749
Macheon,127.1527241,37.4949531
Ssangnyong,128.3286805,37.1742252
Gyeonggi Gwangju,127.2532479,37.3989287
Sinheung,127.1476641,37.4410027
Namhansanseong,127.1598132,37.4515531
Paradise City,126.4599193,37.4370969
Incheon Int'l Airport Terminal 1,126.4525499,37.4473215
Yangdong,127.7547601,37.4202671
NA,128.4496819,37.1706749
Ipseongni,128.2983291,37.1986389
Sangdo,126.9476726,37.503216
Beomgye,126.95091,37.3899129
Jeungpyeong,127.583969,36.778052
Ganggyeong,127.0172715,36.1548371
Dalcheon,127.8798899,36.9607032
Eumseong,127.7039449,36.9257112
Soi,127.7564938,36.9226595
Judeok,127.8028376,36.9731205
Doan,127.613816,36.814051
Cheonwang,126.8389218,37.4863668
Sosa,126.7950167,37.4829985
Gyeongin Nat'l Univ. of Education,126.7226027,37.5384076
Gajeong,126.6753212,37.5247194
Asiad Stadium,126.6771005,37.5515881
Geomam,126.6755711,37.568749
Namwirye,127.1392162,37.4627715
Sanseong,127.1499333,37.4568677
Hanam City Hall (Deokpung·Sinjang),127.2067037,37.5417742
Gujeolli,128.7269867,37.5166348
Wonju,127.9228206,37.3164083
Gangbyeon,127.0947415,37.5351109
Ogeum,127.1281525,37.5019815
Songpa,127.1121822,37.4997247
Manjong,127.8931116,37.353949
Jangji,127.126067,37.4788881
Wondeok,127.5468697,37.4687663
Banpo,127.0116346,37.5081748
Express Bus Terminal,127.0049777,37.5050827
Wolbae,128.5304099,35.8161558
Daemyeong,128.5651714,35.8392727
Songhyeon,128.5516012,35.8308783
Seobu Bus Terminal,128.5571784,35.8369592
Hyeonchungno,128.5813317,35.8408999
Sangin,128.537845,35.8189463
Jungangno,128.5940332,35.8709671
Seolhwa·Myeonggok,128.4893298,35.7986829
Banwoldang,128.5933423,35.8641025
Myeongdeok,128.5907942,35.8572254
Gunbuk,128.3519909,35.2522152
Seoul Nat'l Univ. of Education,127.0137025,37.4936592
Sinjung-dong,126.7762325,37.5030388
Yeokgok,126.8118113,37.4852186
Kkachiul,126.8113842,37.5062407
Gangil,127.1757633,37.5574822
Jamwon,127.0111504,37.5127513
Gapyeong,127.5107574,37.8145761
Uijeongbu Jung-ang,127.0497559,37.7436853
National Cemetery,127.3214881,36.3594103
Gyeonggi Provincial Government Northern Office,127.0716196,37.750721
Terminal 1,126.4504519,37.449692
Daeya,126.8242542,35.944932
Baekyangri,127.5891858,37.8308012
Children's World,128.6244446,35.8451556
Jisan,128.6319028,35.8251867
Wolgot,126.7427001,37.3917938
Soraepogu,126.733525,37.400917
Yongdap,127.0508609,37.56209
Yongdu,127.0380657,37.5740737
Seobusan Yutongjigu,128.954937,35.1663907
Cheolsan,126.8675973,37.4760012
Gyeryong,127.2665313,36.2724063
Seodaemun,126.9666351,37.5657953
Daeti,128.9999412,35.1031541
Natgae,128.979733,35.0652983
Dapsipri,127.0526992,37.5668136
BIT Zone,126.645923,37.3774709
Technopark,126.6562543,37.3823022
Campus Town,126.6618928,37.3881737
Gwanak,126.9091539,37.4187236
Pyeongdong,126.7695968,35.1248086
Dogok,127.0554679,37.4909056
Imae,127.1284003,37.39464
Gimpo Int'l Airport,126.8021335,37.5619626
Gubanpo,126.9867849,37.5012899
Sinbanpo,126.996418,37.5036014
Seonyudo,126.8939823,37.5378593
Jeungmi,126.8618185,37.5575102
Airport Market,126.8106016,37.5636577
Sindorim,126.8912262,37.5089397
Yangcheon-gu Office,126.865945,37.512295
Sinjeongnegeori,126.8530463,37.5199831
Cheongna Hill,128.582392,35.8641948
Sinchon,126.9369084,37.5551517
Gunsan,126.7602959,35.9993608
Balsan,126.8374653,37.5584951
Daebang,126.9251737,37.5125806
Samcheok,129.1776977,37.430357
Seoul Nat'l Univ. Venture Town,126.9337059,37.4720025
Boramae Park,126.9181903,37.4952932
Boramae,126.9204736,37.5002811
Seoul Regional Office of Military Manpower,126.9227236,37.5059628
Gumyeong,128.9995184,35.2027962
Seolleung,127.0489508,37.5044746
Gusan,126.9172191,37.6112496
Hongje,126.9442528,37.5886894
Gaehwasan,126.8082601,37.5728758
Ichon,126.9733678,37.5227123
Samseong Jungang,127.0534747,37.5130955
Changsin,127.0152468,37.5798042
Sujin,127.1406857,37.4374429
Songpanaru,127.1127954,37.511245
Manchon,128.645034,35.8588558
Ilwon,127.0843766,37.4836919
Bongeunsa,127.0602411,37.5141869
Gimhae International Airport,128.9485983,35.1718676
Junghwa,127.0795172,37.6016267
Garak Market,127.1186382,37.4925324
Seokchon,127.1071105,37.5052954
City hall.Yongin Univ.,127.1788598,37.2393269
Bucheon,126.7827347,37.4841098
Bongjeong,128.909621,35.9281166
Woninjae,126.6881558,37.4126256
NA,126.6176518,36.4667147
Bojeong,127.108344,37.3125962
Seonjeongneung,127.0436945,37.5107312
Sanggal,127.1088952,37.2616918
Maegyo,127.0156874,37.2654788
Gaepo-dong,127.0660428,37.4891009
Guryong,127.0594609,37.4869265
Hanti,127.0528661,37.4962709
Seoul-forest,127.0447397,37.5435916
Gangnam-gu Office,127.0414244,37.516812
Mangpo,127.0569012,37.245765
Wonheung,126.8736684,37.6505121
Ori,127.1089098,37.3399397
Sunae,127.1142451,37.3784062
Seohyeon,127.1233331,37.3849098
Migeum,127.1089985,37.3500225
Omokcheon,126.9637423,37.2433128
Eocheon,126.9089151,37.2501199
Dogok,127.055473,37.490635
Moran,127.1290831,37.4322241
Hwajeong,126.832577,37.6346457
Madu,126.7777596,37.6520039
Jeongja,127.1081139,37.366234
Gachon Univ.,127.1267248,37.4486992
Juyeop,126.7612377,37.6701524
Hongseong,126.6812157,36.5993365
Sinpo,126.6248171,37.4682643
Daeyami,126.9168618,37.3279256
Seoul Racecourse Park,127.0078955,37.4437648
Geumjeong,126.943397,37.3723075
Darwol,126.7453575,37.3799789
Oido,126.7384943,37.3619245
Banwol,126.9038361,37.3124221
Namdong Induspark,126.6952345,37.4077519
Hogupo,126.7086388,37.4016902
Incheon Nonhyeon,126.7225648,37.4006866
Seoul Grand Park,127.0066085,37.4358034
Gojan,126.8231007,37.3168514
Yongyu,126.4236329,37.4248309
Jung-dong,126.7639671,37.4867775
Seonbu,126.8098989,37.3344566
Gimje,126.9042184,35.7931619
Masan,126.6442376,37.6405997
Geombawi,126.6775102,37.5612482
NA,126.5914905,36.3498628
Jeongeup,126.8419169,35.5757734
Heukseok,126.9639489,37.5083823
Saetgang,126.9294177,37.5173674
Gosaek,126.9804598,37.249691
Uncheon,126.8586977,35.1504006
Kkachisan,126.8465265,37.5321119
Jusaeng,127.3170129,35.3767264
Seodo,127.3308966,35.4920243
Geumji,127.2902118,35.3292751
Songjeong Park,126.799536,35.1435714
Baekseok,126.7880378,37.6430359
Asia Culture Center,126.9198143,35.1466782
Guryegu,127.4519666,35.1634776
NA,127.4268206,35.0953742
Inha Univ.,126.6497844,37.4482473
Namdong-gu Office,126.7368118,37.4481646
Yamok,126.8840219,37.2612175
Sari,126.8571963,37.2908651
Sinchang,126.9518229,36.7697885
Sanbon,126.9330964,37.3580735
Gimpo Int'l Airport,126.8020912,37.5617194
Hakdong·Jeungsimsa,126.9281659,35.1331095
Hyocheon,126.877049,35.1029684
NA,126.9937671,34.752266
Jeongwang,126.7429429,37.3517845
Gokseong,127.3044579,35.2834557
Seogwangju,126.8474307,35.1247329
Hwasun,126.9631644,35.0513137
Deungnyang,127.1701727,34.7614633
Myeongbong,127.0755195,34.82774
NA,127.0853501,34.7593737
Nodeul,126.9535497,37.5129744
Jichuk,126.9139297,37.6481183
Samsong,126.8954796,37.6531194
Gaeun,127.453627,35.026682
Dongun,127.4789613,35.0079963
Wonchang,127.4473033,34.864889
Beolgyo,127.345584,34.841773
Dongchun,126.6802706,37.4048204
Nampyeong,126.8719689,35.0569825
Ssangchon,126.8695709,35.1514904
Dolgogae,126.8955645,35.1517154
Singiloncheon,126.7673001,37.3375382
Ansan,126.7887966,37.3270474
Yangdong Market,126.901769,35.1545129
Yeonsu,126.6789669,37.4177947
Sungui,126.6382349,37.4607927
Wolmi Culture Street,126.599203,37.4773468
Hwajeong,126.8767655,35.1519029
NA,126.9639988,34.9866828
NA,126.9118444,34.6694878
Namwon,127.3613332,35.4112509
Miasageori,127.0300915,37.613185
NA,126.5308723,34.7593445
Jemulpo,126.6569848,37.4668149
Imseongni,126.435209,34.8204653
NA,126.6327545,34.6410127
Gwangju Songjeong,126.791568,35.1375544
Dosan,126.787266,35.1313781
Gwangju Songjeong,126.7901098,35.1377072
Jangseong,126.7796823,35.3001204
Gyulhyeon,126.7426554,37.5663544
Gangdong-gu Office,127.1206234,37.5306942
Seokchon Gobun,127.0966143,37.5024441
Mukho,129.1082108,37.5461786
Gaehwa,126.7976654,37.5785381
Modeok,128.985621,35.180361
Mora,128.9884422,35.1892988
Hwamyeong,129.0138007,35.2352534
Namcheon,129.1078416,35.1421344
Beomnaegol,129.059255,35.147396
Deokpo,128.9839737,35.1738665
Yulli,129.0128975,35.2464762
Geumgok,129.0168673,35.2673839
Namyangsan,129.019474,35.325344
BEXCO,129.1387511,35.1688889
Gwangan,129.11317,35.157916
Jigegol,129.074224,35.135668
Gaya,129.0426874,35.1558284
Dong-Eui Univ.,129.0321386,35.1539803
Jeonpo,129.0653641,35.1528193
Buam,129.0505061,35.157439
Jurye,129.00315,35.150504
Gamjeon,128.9908801,35.1557054
Gaegeum,129.0204602,35.1532536
Naengjeong,129.0124257,35.1512851
Dongwon,129.0124334,35.2586149
Millak,129.121719,35.167395
Daeyeon,129.092172,35.135148
Geumryeonsan,129.11097,35.149756
Munhyeon,129.0673312,35.1391392
Busan International Finance Center·Busan Bank,129.0667134,35.1457278
Motgol,129.084783,35.134758
Sujeong,129.0091715,35.2233039
Daegwang-ri,127.1085245,38.1849896
Baengmagoji,127.1660346,38.2575293
Ilyeong,126.928977,37.7006818
Jangheung,126.9415356,37.7187055
Eungam,126.9155283,37.5984296
Bulgwang,126.9296307,37.6108807
Anam,127.0292777,37.5862688
Bomun,127.0193736,37.5852743
Hoengcheon,127.8016787,35.0992713
Gajeong Jungang Market,126.6767904,37.5174983
Geomdan Oryu,126.6279299,37.5949865
Geomdan Sageori,126.6567336,37.6018213
Gumi,128.3310455,36.1283119
Hak-dong,127.03075,37.5139566
NA,129.0084816,37.3235052
Gangnam,127.0282667,37.4964624
Juan,126.6806313,37.4650814
Dongincheon,126.6330567,37.4751286
Isu,126.9821095,37.4854491
Children's World,128.6244164,35.8451281
Seongnam(Geobuk Market),126.6762126,37.5072835
Wanjeong,126.6728745,37.5928725
West Woman's Community Center,126.6758231,37.4999808
Incheon Gajwa,126.6752387,37.4904588
Citizens Park (Culture Creation Zone),126.6808299,37.4584104
Seokbawi Market,126.6922113,37.4576813
Incheon City Hall,126.702435,37.456812
Jukjeon,127.1074072,37.3245669
Juan,126.6790276,37.4651527
Bupyeong-gu Office,126.7205539,37.5082283
Seokcheon Sageori,126.7107789,37.4567338
Igok,128.5158522,35.850629
Beomeo,128.6264978,35.8590224
Sinmae,128.7049547,35.8407648
Naedang,128.5645886,35.8602053
Jeongpyeong,128.7283981,35.8341351
Haeundae,129.1587469,35.1637531
Jung-dong,129.1678074,35.1666759
Naesu,127.5357926,36.728448
Bupyeong-gu Office,126.721104,37.5074652
Gojin,127.2142066,37.2445235
Dong-o,127.0569971,37.7452352
Balgok,127.0529537,37.727007
Gonje,127.0838261,37.750528
Tapseok,127.0889406,37.7335261
Songsan,127.087251,37.7372627
Uijeongbu City Hall,127.0348874,37.7392632
Jeongneung,127.0133551,37.6028286
Solsaem,127.0138408,37.6201661
Samyang Sageori,127.0204924,37.6211991
April 19th National Cemetery,127.0136861,37.6493408
Solbat Park,127.0132485,37.6560698
Bukhansan Ui,127.0124123,37.6633242
Bomun,127.0195135,37.5850289
Sinseol-dong,127.0246657,37.5760544
Dongmyo,127.015659,37.5723419
Madeul,127.0577205,37.665038
Jwacheon,129.2451313,35.3118289
Wollae,129.276559,35.3280825
Namchang,129.2824686,35.4192677
Mangyang,129.2878274,35.4565132
Namtaeryeong,126.9886975,37.4646556
Chungmuro,126.9941091,37.5612019
Jamsillaru,127.1038301,37.520691
Sports Complex,127.0737204,37.5110581
Daegok,126.8102838,37.6317813
Jangsan,129.175858,35.1694748
NA,128.1743372,36.4813467
Wollong,126.7925749,37.796251
Gimpo Int'l Airport,126.8013934,37.5619247
Geumchon,126.7745788,37.7662332
Paju,126.7924283,37.8150577
Gimpo Int'l Airport,126.8019608,37.5623275
Gyeyang,126.7358582,37.5715012
Gyeyang,126.736311,37.571767
Gimpo Int'l Airport,126.8040606,37.5617187
Bakchon,126.7450491,37.5536245
Mongchontoseong,127.11267,37.5175329
Suji-gu Office,127.0947549,37.3225368
Taehwagang,129.3540107,35.5388089
Myeonghak,126.9356089,37.3843939
Gunpo,126.9484606,37.3535747
Sungkyunkwan Univ.,126.9711778,37.3002852
Sema,127.0432736,37.187372
Osan College,127.0631149,37.1692997
Songtan,127.0543657,37.075356
Chungju,127.9079764,36.9750285
Sillyewon,126.8495699,36.7271537
Dogooncheon,126.8895459,36.7495364
Asan,127.1044526,36.7920971
Baebang,127.0529902,36.7776995
Bongmyeong,127.135865,36.8012958
Cheonan-Asan,127.1044991,36.7943803
Jiksan,127.1439118,36.8707374
Tangjeong,127.0845547,36.7882137
Ssangyong,127.1212913,36.7937183
Dangjeong,126.9483607,37.3434316
Pyeongtaek Jije,127.070454,37.0188005
Jinwi,127.0623892,37.1099923
Uiwang,126.9480341,37.3209981
Byeongjeom,127.0331291,37.206834
Pyeongtaek Jije,127.0698667,37.018753
Oksu,127.0175496,37.5413731
NA,126.772312,34.6283474
Songnae,126.7528847,37.4877038
Bupyeong,126.7245591,37.489454
NA,126.7955903,37.4827657
Baegun,126.7071115,37.4831229
Dongam,126.7028769,37.4710457
Doksan,126.8894844,37.4660736
Geumcheon-gu Office,126.8939002,37.4558132
Ganseok,126.6935306,37.4647335
Seonjeongneung,127.0438586,37.510253
Gangnam-gu Office,127.0412865,37.5171756
Siu,126.7956376,37.3131143
NA,128.1666202,36.5085183
NA,126.9490503,35.1445349
Mungyeong Dansan Tour Monorail Lower Platform,128.1585545,36.7367683
Rail Bike-end,127.5615506,37.4706491
Hyeondong,129.0122114,36.9368878
Ayanggyo,128.6399306,35.887193
Yonggye,128.6814075,35.876296
Sindap,127.0471268,37.5697194
Cheongcheon,128.7694217,35.8808786
Bangchon,128.6696572,35.879814
Haean,128.6588743,35.8835783
Dongchon,128.6503042,35.8860383
Gaksan,128.7238572,35.8678664
Singi,128.7017095,35.8667416
Yulha,128.6927282,35.8698432
Cheongna Hill,128.5830926,35.8651224
Dasa,128.457902,35.86532
Gangchang,128.478096,35.8530741
Incheon Int'l Airport Terminal 2,126.4334747,37.4689424
Dalmi,126.8090701,37.3491043
Banwoldang,128.5934109,35.8654615
Tamni,128.6827632,36.2603013
Hwabon,128.6945223,36.1266815
Simcheon,127.7207879,36.2368257
Hapjeong,126.9136561,37.5493558
Pyeongtaek,127.0853183,36.9908233
Singi,129.0850054,37.3459709
Anyang,126.9228826,37.4016302
Osan,127.0667523,37.145558
Seonghwan,127.1268868,36.9159824
Okcheon,127.5653496,36.2977484
Sintanjin,127.4281663,36.4496321
Onyangoncheon,127.0031561,36.7805526
Seojeong-ri,127.0529486,37.0570768
Bugang,127.3650211,36.532549
Wolchon,128.5454816,35.8236597
Samnye,127.0659487,35.9039125
Jeonju,127.1623649,35.8500537
Dongiksan,126.9569285,35.9204873
Ganam,127.5354382,37.1974167
Gamgok Janghowon,127.6356198,37.1270431
Gwangmyeong,126.8846978,37.41638
Naju,126.7174847,35.0139274
Wangsimni,127.0385786,37.5614861
Sangbong,127.0856555,37.5970314
Seodaegu,128.5417368,35.8813666
Gimcheon(Gumi),128.1806889,36.1130256
Osong,127.3273629,36.6202295
Iksan,126.9459134,35.9412564
Mokpo,126.3876448,34.7921339
Suan,129.0839158,35.201804
Minam,129.0687474,35.206533
Geumsa,129.1153136,35.2157562
Seo-dong,129.1075101,35.2130525
Suseo,127.1046888,37.485099
NA,128.6291232,38.084794
Incheon,126.6168874,37.4766821
Gangu,129.3719157,36.3522969
Gurae,126.6287215,37.6453484
Dandaeogeori,127.1567783,37.4450845
Oryu-dong,126.8445367,37.4943466
Dongnae,129.0784845,35.2056761
Yangjeong,129.071363,35.173113
Bujeon,129.062974,35.162584
Jwacheon,129.054396,35.134307
Myeongnyun,129.0797207,35.2126465
Guseo,129.091268,35.2472273
Beomeosa,129.092668,35.273102
Dusil,129.0913933,35.25703
Namsan,129.0925658,35.2654258
Oncheonjan,129.0864268,35.2202436
Busan National University of Education,129.0800325,35.1952181
Danggogae,127.0789245,37.670098
Nowon,127.0634799,37.6563651
Juan National Industrial Complex,126.6811593,37.4739903
Unyeon,126.7596323,37.4396565
Dongmak,126.6735412,37.3986231
Sinyeonsu,126.6939309,37.4180647
Seonhak,126.6989894,37.4272405
Dongsu,126.7185419,37.4854218
Galsan,126.7215178,37.5168126
Incheon Grand Park,126.7528149,37.4485494
Unyang,126.683938,37.6538088
Geolpo Bukbyeon,126.7056466,37.6317148
Sau,126.719765,37.6202004
Magongnaru,126.827917,37.5662179
Yeomchang,126.8753972,37.5470335
Gayang,126.8550997,37.5611423
Yangcheon Hyanggyo,126.8412958,37.5684524
Jeondae·Everland,127.2195513,37.2853497
Myongji Univ.,127.1905189,37.237892
Dunjeon,127.2136858,37.2671872
Dunjeon,127.2136684,37.2670899
Onsu,126.823534,37.4922986
Yeokchon,126.9227556,37.6060733
Suwon City Hall,127.031849,37.26165
Giheung,127.1160129,37.2755132
Samga,127.1682829,37.2421427
Osu,127.3204028,35.5430825
Dongback,127.1527693,37.2690162
Chodang,127.1595469,37.2607995
Giheung,127.116751,37.2754448
Sinseol-dong,127.0254473,37.5745192
Pyeongchon,126.9638795,37.394288
Suseong Market,128.615922,35.8543443
Geumneung,126.765343,37.7513781
Unjeong,126.7670452,37.725329
Samsan,127.7797291,37.3922782
Maegok,127.7301441,37.4365864
Wanggil,126.6423769,37.5951775
Jeungsan,129.0102327,35.3083224
Bugae,126.7406058,37.4884914
Dongjak,126.978203,37.5029705
Bongcheon,126.9419387,37.4823889
Seoul Nat'l Univ.,126.9527151,37.481223
Sadang,126.9816682,37.4765828
Dorimcheon,126.882684,37.5144539
Magok,126.8247463,37.5602492
Cheongsan,127.0743434,37.9951537
Ganeung,127.0443627,37.7483211
Mangwolsa,127.0473968,37.7102529
Deokjeong,127.0615487,37.843445
Deokgye,127.0566509,37.8186361
Yangju,127.044756,37.7742
Nogyang,127.0423364,37.7594418
Dongducheon,127.0547822,37.9278263
Bosan,127.0572513,37.9141529
Dongducheonjungang,127.0565409,37.9018085
Gaebong,126.8587053,37.4946337
Guil,126.8697062,37.4962071
Soyosan,127.0608178,37.9480012
Yangwon,127.1079346,37.6065818
Mangu,127.0918581,37.5996345
Sareung,127.1768961,37.6510986
Hankuk Univ. of Foreign Studies,127.0637429,37.5963062
Jihaeng,127.0558058,37.892269
Deokso,127.2088206,37.5869047
Dosim,127.2226763,37.5796342
Sinnae,127.1033159,37.6126384
Noryangjin,126.94204,37.5142381
Yongsan,126.9648271,37.5299526
Geumgok,127.2074445,37.637287
PyeongnaeHopyeong,127.2444899,37.6532144
Cheonmasan,127.2850496,37.6592164
Singil,126.9187443,37.5166485
Seokgye,127.0658393,37.6148083
Gasan Digital Complex,126.8826166,37.4815947
Sinimun,127.0672904,37.6016378
Hoegi,127.0576239,37.5894974
Nokcheon,127.0513984,37.6446274
Kwangwoon Univ.,127.0618193,37.6236987
Chang-Dong,127.047978,37.6525981
Banghak,127.0443033,37.6676904
Yeoncheon,127.0737179,38.1007279
Jeongok,127.0718642,38.0245987
Jungnang,127.0763183,37.5949548
Sinchon,126.9423581,37.5597815
Daeseong-ri,127.3795872,37.6838519
Eungbong,127.0347279,37.5502759
Dobong,127.0455468,37.6792077
Seobinggo,126.9883182,37.5195744
Hoeryong,127.0473504,37.72441
Ichon,126.9733635,37.5224397
Donong,127.1611982,37.6087705
Yangjeong,127.1946137,37.6040198
Guro,126.8825086,37.5034468
Dobongsan,127.0460783,37.6898359
Maseok,127.3116745,37.6527753
Cheongpyeong,127.4266005,37.735536
Sangcheon,127.4544009,37.7701656
Galmae,127.1147293,37.6339464
Toegyewon,127.1435322,37.6482557
Namyeong,126.9713213,37.540538
Daebang,126.9264784,37.5133577
Sindorim,126.8916649,37.5091331
Yeoju,127.6286055,37.2828814
Sejongdaewangneung,127.5706471,37.2936234
Bubal,127.4903284,37.2604023
Icheon,127.4422242,37.2642411
Seongnam,127.1205869,37.3945546
Seongnam,127.1194122,37.3946908
Gonjiam,127.346279,37.3505063
NA,127.2033669,37.4086808
Dongnae,129.0773598,35.2046511
Geomam,126.6737138,37.5691799
Dokjeong,126.6759581,37.5848634
Anpyeong,129.1717248,35.2374174
Seokdae,129.1368476,35.2181187
Chungryeolsa,129.0976523,35.1997162
Youngsan University,129.1461159,35.2256219
Gochon,129.1605,35.2360933
Banyeo Agricultural Market,129.1239643,35.2177516
NA,129.1538725,35.2324696
Myeongjang,129.101767,35.2053695
Nakmin,129.0908195,35.2001469
Dongtan,127.0955764,37.2003594
Suseo,127.1011515,37.4876577
Gulpocheon,126.731337,37.5070226
Samsan Gymnasium,126.7423475,37.506496
Bucheon City Hall,126.7631949,37.5047696
Hannam,127.0092424,37.5294452
Hyochang Park,126.9613324,37.5393413
Seoul Station,126.9697994,37.5534363
Seoul (Station),126.9723599,37.5560719
Korea Aerospace Univ.,126.8683965,37.6027807
Yonggung,128.2734161,36.606919
Angseongoncheon,127.7869489,37.0920714
Suseo,127.1022789,37.4860164
Suseo,127.1018399,37.4874159
Surisan,126.9255584,37.3504199
Choji,126.8078802,37.3198402
Siheung Neunggok,126.8087509,37.3700847
Siheung City Hall,126.8058162,37.382025
Sinhyeon,126.7878699,37.4095842
Siheung Daeya,126.7931217,37.4503447
Sosaeul,126.7970994,37.4688742
Indeogwon,126.9769656,37.4016323
Government Complex Gwacheon,126.9897504,37.4264709
Jungang,126.8385294,37.3160302
Choji,126.8061208,37.3206177
Wonjong,126.8048614,37.5238457
Chongshin Univ. (Isu),126.9822371,37.48678
Sinnonhyeon,127.0245306,37.5043224
Wolgye,127.0588653,37.6330633
Hoeryong,127.0473751,37.7249474
Cheongnyangni,127.0482573,37.5805961
Mapo-gu Office,126.9033645,37.5635586
World Cup Stadium,126.8993179,37.5701918
Jangam,127.0529079,37.6999741
Taereung,127.0756723,37.6176924
Chang-Dong,127.0476987,37.6531817
Gyeongsan,128.7276119,35.8193291
Uncheon,126.7699225,37.8799673
Songdo,126.6547155,37.4299382
Dobongsan,127.0465716,37.6891881
Sinnae,127.1040904,37.6125508
Jongno 3(sam)-ga,126.9923242,37.5704405
Jongno 3(sam)-ga,126.9919062,37.5714989
Jongno 3(sam)-ga,126.9902702,37.5725401
NA,129.406322,36.6025565
Dohwa,126.6682641,37.4661244
Iyang,126.9898739,34.8915516
Stadium Complex·Songdam College,127.2090771,37.237794
Daejeon,127.4346482,36.3322464
Dorasan,126.7091637,37.8983887
Jayang,127.0667418,37.5315323
Panam,127.4584967,36.3169413
Noeun,127.3179073,36.3741117
Jijok,127.3195384,36.384111
Banseok,127.314817,36.3919413
Guam,127.3307266,36.3566303
Gapcheon,127.3545556,36.3545464
Wolpyeong,127.3645813,36.3583201
Galma,127.3727932,36.3576605
Government Complex Daejeon,127.3816164,36.3576058
City Hall,127.3865931,36.3514445
Tanbang,127.3846726,36.3459484
Pohang,129.3426784,36.0712333
Chuncheon,127.716664,37.8845604
Daejeon,127.433365,36.3313521
Suwon,127.0004098,37.2662775
Daegu,128.5960548,35.8760013
Daegu,128.5971184,35.8762821
Cheonan,127.14684,36.8102804
Yongmun,127.59465,37.4822294
Ulsan,129.1379303,35.5513139
Suwon,126.9999102,37.2658097
Gwangju,126.909777,35.1659931
NA,129.4370939,36.6830733
Seoul,126.9707793,37.5545547
Incheon,126.6173655,37.4765694
Yeongdeok,129.3782327,36.4102336
Dogye,129.0442367,37.22922
NA,129.0388751,37.2130098
Oga (Closed),126.7969067,36.6834509
Yecheon,128.4436945,36.6473156
Yeongju,128.625578,36.8109445
Hamchang,128.174919,36.5696001
Seodongtan,127.0520326,37.1956553
Paldal Market,128.5678637,35.8888555
Seomun Market,128.5822589,35.8697065
Hanam Pungsan,127.2036311,37.5519584
Pangyo,127.111189,37.39473
Pangyo,127.1115312,37.3947237
Cheongni,128.1288812,36.3390865
Ilsan,126.769498,37.6822186
Susaek,126.8955531,37.5807582
Goksan,126.8018102,37.645746
Baengma,126.794475,37.6583299
Pungsan,126.7862433,37.6723483
Gyeongju,129.1389632,35.7982689
Tanhyeon,126.7610261,37.6941052
Imjingang,126.7482781,37.8882564
Haengsin,126.834058,37.612035
Gangmae,126.8445278,37.6122869
Neunggok,126.8204902,37.6189253
Jangsa,129.3691361,36.2841414
Wolpo,129.3664017,36.2040057
Gajwa,126.915063,37.5686792
Digital Media City,126.9000771,37.5776729
Seoul Station,126.9725721,37.5528527
Dongdaegu,128.6283056,35.8791851
Ahwa,129.0513788,35.8986342
Angang,129.2334205,35.9705072
Daegok,126.8124005,37.631943
Munsan,126.7879045,37.8544531
Yeongtong,127.071279,37.2513466
Seodaejeonnegeori,127.4125138,36.3223851
