EA_CODE,ntl
10507801,0.2046317309141159
10507072,0.12933175265789032
10507010,0.13474328815937042
10507001,0.1294349730014801
10507009,0.1463911235332489
10507033,0.13926739990711212
10507032,0.1369161754846573
10507002,0.13070626556873322
10507003,0.1418045312166214
10507008,0.13845792412757874
10507006,0.12849567830562592
10507007,0.1376028060913086
10507012,0.15402208268642426
10507030,0.13331936299800873
10507031,0.13426148891448975
10507034,0.1428104043006897
10507029,0.13668350875377655
10507086,0.13711898028850555
10507049,0.12859942018985748
10507078,0.13543911278247833
10507083,0.12494338303804398
10507080,0.1291264146566391
10507079,0.1183810755610466
10507085,0.13282261788845062
10507084,0.12702012062072754
10507081,0.1349247843027115
10507082,0.13011454045772552
10507022,0.1351880431175232
10507013,0.23638516664505005
10507024,0.1656792163848877
10507014,0.14800724387168884
10507023,0.12983861565589905
10507005,0.13536375761032104
10507004,0.12471316009759903
10507015,0.13069802522659302
10507019,0.13632896542549133
10507016,0.1332099288702011
10507027,0.13787226378917694
10507036,0.1360798180103302
10507017,0.13380581140518188
10507020,0.138388991355896
10507045,0.1334613561630249
10507041,0.13477632403373718
10507035,0.13575707376003265
10507025,0.1892794817686081
10507026,0.13895459473133087
10507011,0.16317997872829437
10507028,0.12833407521247864
10507038,0.13758070766925812
10507040,0.14162075519561768
10507018,0.13255837559700012
10507046,0.12543325126171112
10507047,0.1336403340101242
10507048,0.1280093938112259
10507077,0.12690183520317078
10507021,0.12748302519321442
10507067,0.1281832456588745
10507075,0.1273098886013031
10507076,0.12460551410913467
10507055,0.1295439898967743
10507044,0.12173611670732498
10507063,0.12838469445705414
10507042,0.13888338208198547
10507050,0.12406272441148758
10507043,0.1313110589981079
10507054,0.1344498246908188
10507802,0.2034742683172226
10507062,0.15018954873085022
10507051,0.13864514231681824
10507053,0.14991992712020874
10507052,0.13124991953372955
10507039,0.12697695195674896
10507056,0.13665693998336792
10507057,0.13345599174499512
10507058,0.1435701847076416
10507060,0.13580062985420227
10507059,0.13189338147640228
10507061,0.13256928324699402
10507066,0.13094855844974518
10507068,0.13040901720523834
10507064,0.1206153854727745
10507065,0.12615054845809937
10507070,0.12421807646751404
10507088,0.12197809666395187
10507087,0.1319621205329895
10507073,0.1308450847864151
10507069,0.1278771013021469
10507074,0.12526196241378784
10507071,0.13524094223976135
10507092,0.12817691266536713
10507093,0.13543877005577087
10507094,0.1362120807170868
10507090,0.12716378271579742
10507089,0.1286456435918808
10507091,0.12404154241085052
10507037,0.1370740383863449
10511802,0.26773756742477417
10511010,0.17038245499134064
10511015,0.13266286253929138
10511901,0.1464361548423767
10511011,0.13938339054584503
10511012,0.13180167973041534
10511014,0.13430887460708618
10511013,0.12642663717269897
10511006,0.14603012800216675
10511007,0.15759950876235962
10511005,0.6096935868263245
10511001,0.1633967012166977
10511003,0.4728081524372101
10511004,2.491633415222168
10511002,0.19382326304912567
10511008,0.1821916103363037
10511009,0.15830786526203156
10511801,0.42614543437957764
10510001,0.13088387250900269
10510801,0.36734652519226074
10510049,0.12842679023742676
10510048,0.17162206768989563
10510047,0.13333116471767426
10510046,0.13039694726467133
10510019,0.13926273584365845
10510043,0.12708967924118042
10510044,0.1400781273841858
10510033,0.13169057667255402
10510032,0.1249890998005867
10510028,0.12268011271953583
10510036,0.1334143728017807
10510035,0.13440878689289093
10510034,0.12792585790157318
10510045,0.13978980481624603
10510042,0.13273051381111145
10510037,0.1248144656419754
10510038,0.13003137707710266
10510041,0.13786888122558594
10510020,0.13365860283374786
10510039,0.1268094778060913
10510040,0.13137243688106537
10510031,0.12174298614263535
10510029,0.12935571372509003
10510030,0.12676368653774261
10510027,0.13841180503368378
10510021,0.1448359191417694
10510026,0.13117682933807373
10510023,0.13027891516685486
10510025,0.13295459747314453
10510024,0.13163188099861145
10510017,0.21674124896526337
10510016,0.18117675185203552
10510015,0.16835081577301025
10510014,0.14697110652923584
10510012,0.14500747621059418
10510013,0.139928936958313
10510011,0.1607799530029297
10510004,0.14407309889793396
10510005,0.15307638049125671
10510006,0.15635383129119873
10510010,0.14242927730083466
10510008,0.12614595890045166
10510007,0.18950586020946503
10510003,0.1321469396352768
10510002,0.13274069130420685
10510802,0.5444410443305969
10510806,0.9807738661766052
10510805,1.202196478843689
10510804,1.5359822511672974
10510803,1.4018115997314453
10510018,0.1373947560787201
10510022,0.152247354388237
10506906,0.19064803421497345
10506801,0.5988761186599731
10506913,0.15073710680007935
10506901,0.1620423048734665
10506014,0.13451777398586273
10506912,0.13495999574661255
10506908,0.12971164286136627
10506911,0.2275458127260208
10506905,1.0514236688613892
10506904,0.3286365270614624
10506902,0.19821058213710785
10506903,0.24327950179576874
10506907,0.1316576451063156
10506910,0.12935319542884827
10506909,0.12870191037654877
10506001,0.1557680070400238
10506007,0.18440812826156616
10506013,0.1668318510055542
10506012,0.1460331678390503
10506011,0.14194652438163757
10506002,0.28748491406440735
10506003,0.3754207193851471
10506004,1.319108009338379
10506006,0.2234627902507782
10506005,0.21091753244400024
10506022,0.8904929161071777
10506021,0.32473835349082947
10506023,0.15695294737815857
10506024,0.14939191937446594
10506025,0.13914768397808075
10506026,0.13279524445533752
10506027,0.13711419701576233
10506028,0.1381685733795166
10506020,0.14718219637870789
10506019,0.147904634475708
10506018,0.1646350622177124
10506008,0.14889632165431976
10506009,0.14844107627868652
10506010,0.14024782180786133
10506015,0.16200415790081024
10506016,0.17463794350624084
10506017,0.15843060612678528
10506035,0.12925633788108826
10506029,0.1315673589706421
10506030,0.1300313025712967
10506034,0.1349693089723587
10506047,0.12972740828990936
10506046,0.13139362633228302
10506045,0.13416455686092377
10506048,0.13434579968452454
10506049,0.1308981329202652
10506080,0.14723671972751617
10506081,0.13356752693653107
10506083,0.13170447945594788
10506082,0.12929676473140717
10506084,0.13552166521549225
10506112,0.12716512382030487
10506113,0.13217003643512726
10506079,0.13534480333328247
10506085,0.13874760270118713
10506087,0.13388308882713318
10506088,0.13427633047103882
10506031,0.13851572573184967
10506111,0.13638335466384888
10506114,0.12844768166542053
10506110,0.1392780840396881
10506086,0.1366404891014099
10506115,0.13165394961833954
10506118,0.14289914071559906
10506116,0.13546110689640045
10506117,0.1486859768629074
10506109,0.1312478631734848
10506104,0.16217394173145294
10506036,0.13725481927394867
10506044,0.134865865111351
10506090,0.1291998326778412
10506105,0.17108529806137085
10506108,0.1341891884803772
10506106,0.13028742372989655
10506107,0.13667622208595276
10506103,0.17468143999576569
10506097,1.3677946329116821
10506098,2.751572608947754
10506100,2.013761281967163
10506099,2.9582810401916504
10506096,0.23038168251514435
10506101,1.4311461448669434
10506102,0.33234092593193054
10506061,0.1361178457736969
10506062,0.14379651844501495
10506095,0.14010469615459442
10506039,0.1422567069530487
10506041,0.14299966394901276
10506042,0.13740158081054688
10506038,0.14437414705753326
10506037,0.14434422552585602
10506032,0.16279974579811096
10506033,0.13401952385902405
10506051,0.13087071478366852
10506052,0.13780295848846436
10506078,0.1325092315673828
10506050,0.1336444467306137
10506043,0.13686956465244293
10506055,0.1339184045791626
10506059,0.13114605844020844
10506040,0.14021065831184387
10506056,0.1361503005027771
10506057,0.13161395490169525
10506058,0.13395731151103973
10506077,0.1366509348154068
10506076,0.13473224639892578
10506089,0.13864392042160034
10506075,0.12925836443901062
10506074,0.1309940665960312
10506053,0.1377442181110382
10506054,0.12786902487277985
10506072,0.1329129934310913
10506073,0.13496962189674377
10506071,0.13916625082492828
10506091,0.1299641728401184
10506092,0.13304492831230164
10506068,0.12910737097263336
10506069,0.1371903419494629
10506070,0.14433901011943817
10506060,0.13348715007305145
10506066,0.13124404847621918
10506067,0.13244321942329407
10506065,0.13044233620166779
10506093,0.14538154006004333
10506064,0.13629192113876343
10506094,0.1419178545475006
10506063,0.13515843451023102
10502803,1.286664605140686
10502802,0.27304065227508545
10502822,0.3003721237182617
10502016,0.20245268940925598
10502010,0.6041947603225708
10502012,0.2627108693122864
10502054,0.13638935983181
10502057,0.14077264070510864
10502813,2.116415500640869
10502814,2.5953404903411865
10502816,3.433974266052246
10502817,3.223541498184204
10502819,1.510956883430481
10502815,2.170072078704834
10502818,3.2732694149017334
10502820,1.223411202430725
10502806,3.2708702087402344
10502807,3.870875120162964
10502805,0.6007004976272583
10502808,3.276221752166748
10502809,4.083952903747559
10502810,3.5430355072021484
10502812,2.367288827896118
10502811,2.9361820220947266
10502804,0.718585729598999
10502821,0.22652247548103333
10502801,0.30984511971473694
10502027,0.1473272442817688
10502048,0.16026893258094788
10502201,0.1479116678237915
10502168,0.14683261513710022
10502218,0.1326252669095993
10502119,0.14108183979988098
10502198,0.31069666147232056
10502193,0.29242458939552307
10502190,0.2360771745443344
10502182,0.24663743376731873
10502105,0.1511916071176529
10502115,0.14205719530582428
10502091,0.1389770656824112
10502087,0.16744188964366913
10502029,0.14737433195114136
10502028,0.1408771574497223
10502272,0.12785392999649048
10502264,0.12439236044883728
10502267,0.12532269954681396
10502244,0.136921688914299
10502154,0.1313208043575287
10502155,0.1476215124130249
10502156,0.1422966718673706
10502158,0.1471419334411621
10502157,0.17911601066589355
10502159,0.13502191007137299
10502238,0.13256174325942993
10502255,0.12445896863937378
10502254,0.12714903056621552
10502256,0.13463172316551208
10502257,0.12614768743515015
10502252,0.12693756818771362
10502259,0.1402396857738495
10502258,0.12915778160095215
10502260,0.13749384880065918
10502261,0.12644152343273163
10502262,0.1295359879732132
10502263,0.12284567207098007
10502265,0.128861665725708
10502249,0.12991856038570404
10502266,0.1210913360118866
10502271,0.12953554093837738
10502268,0.1263260394334793
10502269,0.12640619277954102
10502270,0.13051694631576538
10502248,0.12563680112361908
10502247,0.12670274078845978
10502246,0.12679509818553925
10502245,0.12722687423229218
10502230,0.15293993055820465
10502231,0.13271695375442505
10502250,0.14868177473545074
10502243,0.13217993080615997
10502251,0.13883472979068756
10502233,0.12173133343458176
10502232,0.12592335045337677
10502242,0.1250273436307907
10502240,0.1356784850358963
10502253,0.13740579783916473
10502239,0.1354825496673584
10502241,0.12806536257266998
10502237,0.13032573461532593
10502160,0.19383694231510162
10502234,0.12743182480335236
10502235,0.13257139921188354
10502236,0.15904851257801056
10502224,0.13879577815532684
10502223,0.17524383962154388
10502164,0.13589492440223694
10502163,0.2011461704969406
10502166,0.12969258427619934
10502165,0.13298998773097992
10502162,0.1349862962961197
10502161,0.13215413689613342
10502132,0.17352181673049927
10502148,0.16302895545959473
10502150,0.12614929676055908
10502149,0.12434857338666916
10502152,0.13477569818496704
10502153,0.1616307646036148
10502173,0.13580557703971863
10502121,0.13853424787521362
10502170,0.2770867347717285
10502169,0.18529480695724487
10502177,0.27418485283851624
10502175,0.14490066468715668
10502176,0.15377284586429596
10502120,0.14580777287483215
10502118,0.17630651593208313
10502085,0.15862619876861572
10502079,0.1506929099559784
10502078,0.14218437671661377
10502050,0.16790693998336792
10502083,0.18841591477394104
10502080,0.1420777440071106
10502051,0.1535119265317917
10502074,0.16056813299655914
10502082,0.1388901174068451
10502081,0.14146411418914795
10502052,0.13640247285366058
10502015,0.16788320243358612
10502055,0.1332937628030777
10502013,0.22905729711055756
10502014,0.16995535790920258
10502011,0.1943657100200653
10502004,0.16286231577396393
10502073,0.1403866708278656
10502056,0.19907690584659576
10502053,0.13219359517097473
10502007,0.14348618686199188
10502058,0.1513383835554123
10502006,0.17291425168514252
10502005,0.15830327570438385
10502009,0.16485384106636047
10502008,0.18053661286830902
10502049,0.27878421545028687
10502017,0.15431316196918488
10502018,0.20390869677066803
10502047,0.23148995637893677
10502194,0.3050317168235779
10502191,0.27893057465553284
10502188,0.27373358607292175
10502192,0.24788156151771545
10502103,0.20425274968147278
10502181,0.4979522228240967
10502186,0.2250339388847351
10502187,0.3071126937866211
10502195,0.15771521627902985
10502196,0.2169523984193802
10502199,0.4191596508026123
10502200,0.18472322821617126
10502197,0.15967459976673126
10502217,0.13787467777729034
10502202,0.13800048828125
10502203,0.14430326223373413
10502097,0.14584705233573914
10502098,0.15400776267051697
10502101,0.18750432133674622
10502100,0.17155785858631134
10502172,0.14869333803653717
10502167,0.1361236870288849
10502174,0.17315007746219635
10502216,0.1307101845741272
10502204,0.14301687479019165
10502214,0.13383187353610992
10502215,0.14017890393733978
10502213,0.13523918390274048
10502205,0.13954423367977142
10502207,0.1325424611568451
10502206,0.1329137533903122
10502211,0.13371579349040985
10502209,0.14637063443660736
10502210,0.16215477883815765
10502208,0.1420644074678421
10502171,0.1655169427394867
10502180,0.5197322964668274
10502179,0.18996673822402954
10502183,0.18270327150821686
10502184,0.16337567567825317
10502099,0.1632668823003769
10502102,0.1904347538948059
10502108,0.16154050827026367
10502107,0.15402020514011383
10502185,0.16218988597393036
10502106,0.17905408143997192
10502104,0.16041593253612518
10502109,0.14903253316879272
10502110,0.14456559717655182
10502178,0.17978353798389435
10502112,0.15636573731899261
10502111,0.14525502920150757
10502113,0.1639687716960907
10502117,0.24420137703418732
10502116,0.1552749127149582
10502114,0.139626607298851
10502089,0.14322924613952637
10502096,0.15106463432312012
10502095,0.14484749734401703
10502093,0.1429675668478012
10502094,0.15087305009365082
10502092,0.13660460710525513
10502090,0.13952501118183136
10502086,0.1509189009666443
10502088,0.14778262376785278
10502035,0.15628302097320557
10502032,0.15185965597629547
10502033,0.13955818116664886
10502084,0.14629507064819336
10502036,0.15299487113952637
10502031,0.14420470595359802
10502030,0.1420470029115677
10502039,0.20423980057239532
10502040,0.21922871470451355
10502019,0.16992904245853424
10502020,0.17467638850212097
10502034,0.1408582478761673
10502026,0.13734343647956848
10502044,0.5567214488983154
10502045,0.15529529750347137
10502046,0.1924840360879898
10502041,0.16003330051898956
10502043,0.17389442026615143
10502042,0.1627206951379776
10502024,0.14216738939285278
10502023,0.1556597352027893
10502021,0.14877231419086456
10502022,0.1487928330898285
10502025,0.14650693535804749
10502141,0.13946403563022614
10502151,0.12989506125450134
10502146,0.13542579114437103
10502142,0.13717612624168396
10502145,0.12998418509960175
10502147,0.15238311886787415
10502001,0.14106784760951996
10502003,0.14266134798526764
10502002,0.14457140862941742
10502059,0.149804025888443
10502061,0.13053247332572937
10502060,0.1475665271282196
10502063,0.14081640541553497
10502130,0.13198764622211456
10502131,0.12707728147506714
10502127,0.1834513247013092
10502124,0.157881960272789
10502071,0.1503984034061432
10502126,0.15722934901714325
10502070,0.14010153710842133
10502069,0.17200355231761932
10502072,0.15396304428577423
10502068,0.1383490264415741
10502129,0.13977770507335663
10502128,0.14003901183605194
10502122,0.18284446001052856
10502123,0.15095731616020203
10502076,0.14252091944217682
10502077,0.14568611979484558
10502075,0.15226180851459503
10502133,0.13445259630680084
10502134,0.17700999975204468
10502125,0.14106391370296478
10502062,0.12751807272434235
10502067,0.1330186426639557
10502066,0.1344161331653595
10502064,0.13027547299861908
10502065,0.13738761842250824
10502136,0.14224407076835632
10502143,0.14058935642242432
10502135,0.1573604792356491
10502138,0.14904068410396576
10502137,0.13209544122219086
10502144,0.13797658681869507
10502139,0.1308637410402298
10502140,0.13613326847553253
10502038,0.19813847541809082
10502037,0.15113046765327454
10502222,0.12945148348808289
10502212,0.1371123492717743
10502221,0.13145440816879272
10502226,0.13663655519485474
10502225,0.1325438767671585
10502228,0.12616896629333496
10502229,0.13074207305908203
10502220,0.13771800696849823
10502219,0.13025309145450592
10502227,0.14090324938297272
10509802,0.29197049140930176
10509001,0.13643965125083923
10509079,0.13361035287380219
10509078,0.1407564878463745
10509077,0.1435590535402298
10509075,0.13104254007339478
10509074,0.13009917736053467
10509080,0.12983489036560059
10509076,0.1415964514017105
10509073,0.13712646067142487
10509070,0.1324336677789688
10509072,0.12068545818328857
10509071,0.13128699362277985
10509069,0.13739731907844543
10509067,0.133710116147995
10509066,0.12722580134868622
10509063,0.13043002784252167
10509062,0.12350033223628998
10509061,0.16148708760738373
10509060,0.1290910542011261
10509064,0.1393013447523117
10509065,0.12975573539733887
10509058,0.12927700579166412
10509059,0.13341233134269714
10509081,0.12339822202920914
10509082,0.13017521798610687
10509083,0.13012167811393738
10509119,0.13816508650779724
10509118,0.13912339508533478
10509121,0.15977199375629425
10509120,0.13334545493125916
10509117,0.13054169714450836
10509085,0.1266953945159912
10509084,0.12556415796279907
10509088,0.1318938434123993
10509086,0.1283273547887802
10509087,0.13651293516159058
10509123,0.12644518911838531
10509116,0.13106940686702728
10509122,0.15226024389266968
10509124,0.13931934535503387
10509125,0.1377522349357605
10509126,0.1292724907398224
10509128,0.12622754275798798
10509152,0.12558475136756897
10509151,0.1262856274843216
10509145,0.14032426476478577
10509150,0.13394911587238312
10509148,0.12568600475788116
10509149,0.12991401553153992
10509147,0.13374441862106323
10509127,0.123285211622715
10509129,0.12820111215114594
10509131,0.12628914415836334
10509130,0.12483353167772293
10509132,0.12598596513271332
10509115,0.17255531251430511
10509114,0.13921613991260529
10509089,0.13504035770893097
10509090,0.1272793412208557
10509068,0.13098913431167603
10509054,0.12524153292179108
10509053,0.127145916223526
10509052,0.11683802306652069
10509050,0.12751522660255432
10509055,0.12346544861793518
10509056,0.12570379674434662
10509057,0.11970342695713043
10509049,0.12297855317592621
10509094,0.1290164291858673
10509093,0.13081063330173492
10509048,0.12241411954164505
10509051,0.12001781910657883
10509091,0.12479927390813828
10509095,0.1309199035167694
10509092,0.12249826639890671
10509144,0.13717573881149292
10509143,0.12350538372993469
10509146,0.13016417622566223
10509134,0.1343376189470291
10509133,0.1319904923439026
10509111,0.13892388343811035
10509112,0.13029788434505463
10509110,0.13113847374916077
10509108,0.1345599740743637
10509107,0.1321374624967575
10509136,0.12662383913993835
10509137,0.1259368360042572
10509142,0.1282808929681778
10509141,0.12440524995326996
10509140,0.13028164207935333
10509139,0.1253618597984314
10509138,0.1288023144006729
10509106,0.1347191035747528
10509109,0.13804937899112701
10509105,0.13528433442115784
10509104,0.13774897158145905
10509103,0.1773170679807663
10509101,0.15764738619327545
10509100,0.1278964877128601
10509031,0.1318235993385315
10509102,0.13661722838878632
10509097,0.13349531590938568
10509098,0.1209496259689331
10509096,0.12142601609230042
10509099,0.13334956765174866
10509034,0.1764359325170517
10509033,0.14305704832077026
10509032,0.14885257184505463
10509030,0.13640235364437103
10509029,0.1320093274116516
10509027,0.15143530070781708
10509028,0.1328333467245102
10509009,0.1346859484910965
10509047,0.12870259582996368
10509046,0.137027770280838
10509045,0.13395017385482788
10509044,0.14936357736587524
10509043,0.13573996722698212
10509040,0.12578214704990387
10509039,0.12878179550170898
10509038,0.13255827128887177
10509041,0.12656468152999878
10509037,0.13157540559768677
10509036,0.1296224296092987
10509035,0.12926647067070007
10509023,0.1389656811952591
10509020,0.12625327706336975
10509022,0.1527990698814392
10509014,0.13640104234218597
10509018,0.142746239900589
10509019,0.1383427530527115
10509017,0.16416113078594208
10509021,0.12818993628025055
10509016,0.1347106397151947
10509024,0.2383507490158081
10509026,0.13652342557907104
10509025,0.1634923666715622
10509015,0.126405268907547
10509013,0.1283807009458542
10509011,0.12997856736183167
10509012,0.1225023865699768
10509007,0.17357736825942993
10509006,0.1427421271800995
10509005,0.1282317191362381
10509004,0.14725150167942047
10509003,0.1299990862607956
10509002,0.138200581073761
10509801,0.23338741064071655
10509803,0.9082217812538147
10509804,0.45448845624923706
10509805,0.380908340215683
10509042,0.12671267986297607
10509008,0.1256612092256546
10509010,0.13666966557502747
10509135,0.12948286533355713
10509113,0.12135723978281021
10501164,0.12660616636276245
10501802,0.3154725730419159
10501009,0.13388694822788239
10501051,0.21197913587093353
10501050,0.1400270313024521
10501049,0.14064835011959076
10501053,0.2199190855026245
10501052,0.16535332798957825
10501048,0.1335620880126953
10501047,0.12990111112594604
10501046,0.13751788437366486
10501045,0.1342386156320572
10501054,0.15134014189243317
10501058,0.14097002148628235
10501055,0.1410428136587143
10501056,0.15036296844482422
10501057,0.13806632161140442
10501043,0.14176954329013824
10501044,0.13227462768554688
10501042,0.13436853885650635
10501001,0.14077228307724
10501007,0.12854425609111786
10501008,0.13340549170970917
10501010,0.13419729471206665
10501003,0.12392602115869522
10501025,0.12437188625335693
10501021,0.12939272820949554
10501002,0.13528069853782654
10501004,0.12684862315654755
10501006,0.12604156136512756
10501012,0.1333121508359909
10501013,0.15205268561840057
10501022,0.12644238770008087
10501023,0.1296999305486679
10501024,0.12936080992221832
10501017,0.1262071579694748
10501097,0.12997984886169434
10501085,0.1311161071062088
10501145,0.1341145932674408
10501138,0.1313299983739853
10501144,0.14524559676647186
10501155,0.12888050079345703
10501171,0.13188998401165009
10501129,0.13087710738182068
10501157,0.12919344007968903
10501161,0.1264726221561432
10501121,0.1399310976266861
10501122,0.1296771764755249
10501167,0.1592569500207901
10501078,0.12593114376068115
10501108,0.2079382836818695
10501106,0.14954599738121033
10501019,0.1358255296945572
10501005,0.13020046055316925
10501020,0.1358318328857422
10501014,0.12501512467861176
10501016,0.12344828248023987
10501018,0.12587498128414154
10501061,0.1376650333404541
10501060,0.13492819666862488
10501105,0.14246799051761627
10501059,0.1389850527048111
10501103,0.14477095007896423
10501107,0.1527363359928131
10501104,0.14380016922950745
10501109,0.1691378653049469
10501067,0.1667015552520752
10501110,0.1461268812417984
10501111,0.13843505084514618
10501101,0.13501977920532227
10501114,0.13257691264152527
10501117,0.13145600259304047
10501098,0.13094031810760498
10501112,0.1387944370508194
10501099,0.14037659764289856
10501100,0.13353225588798523
10501115,0.1332210898399353
10501095,0.12813588976860046
10501113,0.13556291162967682
10501096,0.13288520276546478
10501118,0.1309143453836441
10501119,0.12644675374031067
10501116,0.12558428943157196
10501041,0.13393384218215942
10501011,0.1279400736093521
10501040,0.1322251409292221
10501039,0.1286569982767105
10501062,0.13370591402053833
10501063,0.13430622220039368
10501015,0.1284674108028412
10501037,0.1323845237493515
10501064,0.1328430026769638
10501069,0.3098178803920746
10501031,0.12896165251731873
10501068,0.1547572761774063
10501032,0.13030526041984558
10501102,0.14012303948402405
10501071,0.1401551365852356
10501073,0.17800337076187134
10501072,0.1276392638683319
10501026,0.12789519131183624
10501027,0.12563388049602509
10501036,0.129659965634346
10501035,0.1300518959760666
10501033,0.12620078027248383
10501070,0.18019141256809235
10501028,0.12451639771461487
10501074,0.197719544172287
10501029,0.12893930077552795
10501030,0.15422247350215912
10501079,0.12486550211906433
10501080,0.12297825515270233
10501075,0.13286833465099335
10501076,0.12127981334924698
10501094,0.12907837331295013
10501092,0.12979061901569366
10501093,0.12568262219429016
10501091,0.12883056700229645
10501089,0.12566424906253815
10501077,0.1253669112920761
10501090,0.12874333560466766
10501084,0.12872636318206787
10501088,0.1330609917640686
10501125,0.13372845947742462
10501120,0.152958944439888
10501135,0.13175229728221893
10501136,0.13871660828590393
10501146,0.12971653044223785
10501801,0.36607709527015686
10501803,0.25554966926574707
10501126,0.12994657456874847
10501127,0.12573352456092834
10501137,0.13256613910198212
10501131,0.12817007303237915
10501130,0.12499060481786728
10501124,0.1310696303844452
10501128,0.12513355910778046
10501123,0.12862081825733185
10501134,0.13221877813339233
10501132,0.13804000616073608
10501133,0.13247470557689667
10501140,0.13821274042129517
10501141,0.14473409950733185
10501142,0.14412079751491547
10501143,0.17619965970516205
10501153,0.12120841443538666
10501147,0.13138405978679657
10501154,0.12593746185302734
10501156,0.12581829726696014
10501158,0.12810228765010834
10501160,0.1383391171693802
10501159,0.1295458972454071
10501151,0.1278092861175537
10501152,0.12288161367177963
10501163,0.1292663961648941
10501162,0.12674081325531006
10501165,0.1284235417842865
10501168,0.13088339567184448
10501170,0.1369602531194687
10501169,0.13402970135211945
10501172,0.13973915576934814
10501087,0.13120098412036896
10501148,0.12695659697055817
10501150,0.12933243811130524
10501149,0.12909995019435883
10501066,0.14138548076152802
10501065,0.13451386988162994
10501034,0.13679483532905579
10501038,0.1387612670660019
10508903,0.15102075040340424
10508078,0.14671923220157623
10508901,0.22071826457977295
10508902,0.4987218976020813
10508001,0.12761516869068146
10508002,0.13586361706256866
10508003,0.17727676033973694
10508006,0.1378147155046463
10508007,0.13868753612041473
10508008,0.13954544067382812
10508011,0.14986726641654968
10508005,0.13730265200138092
10508015,0.14881779253482819
10508018,0.13835152983665466
10508016,0.12717296183109283
10508017,0.12842971086502075
10508009,0.13528995215892792
10508010,0.1404353380203247
10508012,0.13772396743297577
10508032,0.14392609894275665
10508014,0.12522172927856445
10508020,0.13745123147964478
10508021,0.13518527150154114
10508062,0.15302957594394684
10508045,0.13218539953231812
10508041,0.13473954796791077
10508042,0.134324312210083
10508044,0.13011737167835236
10508043,0.13228701055049896
10508046,0.13089026510715485
10508022,0.1420830637216568
10508019,0.14649447798728943
10508039,0.15206271409988403
10508040,0.1353142112493515
10508047,0.1312529444694519
10508037,0.13405504822731018
10508038,0.13704077899456024
10508024,0.13431265950202942
10508028,0.1408296823501587
10508025,0.13225844502449036
10508023,0.13492177426815033
10508026,0.1375751942396164
10508034,0.14333930611610413
10508033,0.14495962858200073
10508035,0.1474633365869522
10508036,0.14365637302398682
10508027,0.13713818788528442
10508029,0.14047443866729736
10508030,0.13982956111431122
10508031,0.14719027280807495
10508013,0.1325000524520874
10508052,0.12664759159088135
10508049,0.13339661061763763
10508050,0.12951600551605225
10508048,0.1286350041627884
10508051,0.1314932256937027
10508072,0.14210160076618195
10508063,0.1311633437871933
10508064,0.13859830796718597
10508061,0.13568849861621857
10508053,0.14059866964817047
10508054,0.13493604958057404
10508055,0.12437546253204346
10508059,0.13777656853199005
10508056,0.13354012370109558
10508060,0.130008265376091
10508057,0.1363976150751114
10508058,0.1956804245710373
10508069,0.15973491966724396
10508074,0.17604219913482666
10508075,0.15413150191307068
10508076,0.13600963354110718
10508066,0.13246220350265503
10508065,0.13613665103912354
10508067,0.13522028923034668
10508073,0.1363641619682312
10508070,0.1318385750055313
10508068,0.14937449991703033
10508904,0.15158340334892273
10508905,0.14719122648239136
10508907,0.15387700498104095
10508908,0.14470809698104858
10508077,0.14713598787784576
10508079,0.14743855595588684
10508080,0.1839263141155243
10508083,0.1972714513540268
10508081,0.16004236042499542
10508082,0.1745612770318985
10508004,0.13269630074501038
10503801,0.2270018309354782
10503905,0.45008203387260437
10503906,0.3612707853317261
10503901,0.17126144468784332
10503086,0.1354871690273285
10503089,0.13296270370483398
10503088,0.13219797611236572
10503097,0.16376350820064545
10503092,0.13084477186203003
10503101,0.13336680829524994
10503090,0.13559038937091827
10503094,0.13747256994247437
10503093,0.129631906747818
10503100,0.13850995898246765
10503099,0.19336293637752533
10503098,0.2339787781238556
10503095,0.14369842410087585
10503008,0.14181584119796753
10503001,0.2691882848739624
10503002,0.2502560019493103
10503015,0.2879352867603302
10503005,0.1926814466714859
10503007,0.1533924639225006
10503004,0.17371046543121338
10503013,0.25487399101257324
10503016,0.16385887563228607
10503003,0.18005569279193878
10503006,0.17229950428009033
10503012,0.15484298765659332
10503011,0.1613427698612213
10503017,0.14832620322704315
10503010,0.1449885368347168
10503009,0.14345797896385193
10503019,0.13878783583641052
10503018,0.13919168710708618
10503102,0.130496084690094
10503125,0.35935255885124207
10503124,0.19258612394332886
10503116,0.1501798927783966
10503122,0.15830586850643158
10503123,0.16896513104438782
10503115,0.13485896587371826
10503085,0.12684768438339233
10503091,0.13777872920036316
10503080,0.1348160207271576
10503078,0.13427342474460602
10503117,0.14497080445289612
10503121,0.148487851023674
10503118,0.13858702778816223
10503079,0.13424937427043915
10503081,0.12688137590885162
10503114,0.14017778635025024
10503068,0.13814717531204224
10503076,0.1294580101966858
10503069,0.12648068368434906
10503075,0.13545829057693481
10503077,0.13276948034763336
10503103,0.1294967234134674
10503104,0.13763833045959473
10503105,0.12274356931447983
10503119,0.13922999799251556
10503113,0.1360064446926117
10503120,0.14220383763313293
10503109,0.13870511949062347
10503110,0.1315172165632248
10503112,0.12995615601539612
10503111,0.13840936124324799
10503108,0.13053485751152039
10503106,0.12886276841163635
10503082,0.16702090203762054
10503084,0.12758119404315948
10503083,0.13208380341529846
10503062,0.13387304544448853
10503064,0.13396818935871124
10503063,0.13111934065818787
10503060,0.13290859758853912
10503061,0.1376715451478958
10503067,0.18126033246517181
10503059,0.1378905177116394
10503065,0.13701272010803223
10503066,0.16166646778583527
10503107,0.1286548227071762
10503073,0.125298872590065
10503074,0.1270221471786499
10503071,0.1252807378768921
10503070,0.13596490025520325
10503058,0.2370632439851761
10503057,0.13525298237800598
10503056,0.12748168408870697
10503054,0.13095003366470337
10503055,0.1329089254140854
10503052,0.134407639503479
10503053,0.1300596296787262
10503051,0.12921498715877533
10503050,0.13335570693016052
10503044,0.13058732450008392
10503046,0.13224151730537415
10503047,0.125459223985672
10503049,0.13010317087173462
10503048,0.12897273898124695
10503037,0.13010741770267487
10503038,0.13688653707504272
10503036,0.12895233929157257
10503035,0.13932467997074127
10503034,0.12478519976139069
10503039,0.12202462553977966
10503030,0.12957756221294403
10503033,0.1359228491783142
10503028,0.13102100789546967
10503029,0.1322023868560791
10503020,0.1322050392627716
10503032,0.13086673617362976
10503021,0.1364998072385788
10503031,0.13001105189323425
10503040,0.12916024029254913
10503045,0.12510277330875397
10503043,0.1404992938041687
10503042,0.13099165260791779
10503041,0.13034071028232574
10503025,0.13088051974773407
10503024,0.12670810520648956
10503027,0.13498499989509583
10503023,0.1385970562696457
10503022,0.14579911530017853
10503026,0.13368698954582214
10503096,0.14855459332466125
10503087,0.13758637011051178
10504009,0.2661077380180359
10504802,0.32865026593208313
10504801,0.2406511753797531
10504001,0.17346054315567017
10504010,0.28435346484184265
10504005,0.19918739795684814
10504004,0.16517162322998047
10504002,0.21528637409210205
10504016,3.8067517280578613
10504008,0.3463331162929535
10504007,0.21693439781665802
10504006,0.20517311990261078
10504003,0.1599072366952896
10504020,0.14639857411384583
10504017,0.20482087135314941
10504013,0.2177296131849289
10504015,0.41162410378456116
10504011,0.2550230026245117
10504014,0.19211703538894653
10504012,0.1833934634923935
10504021,0.15245693922042847
10504019,0.15433238446712494
10504018,0.15790019929409027
10505801,0.16271665692329407
10505808,0.19605740904808044
10505231,0.13538450002670288
10505272,0.12700173258781433
10505236,0.1505807340145111
10505227,0.13295838236808777
10505230,0.13455790281295776
10505228,0.13233476877212524
10505235,0.18089993298053741
10505234,0.1321410834789276
10505232,0.128041610121727
10505288,0.12503674626350403
10505280,0.1276940554380417
10505286,0.1285586953163147
10505285,0.13115553557872772
10505233,0.1258612722158432
10505237,0.12695345282554626
10505229,0.13477881252765656
10505242,0.13798888027668
10505273,0.12806496024131775
10505282,0.12388655543327332
10505244,0.12752899527549744
10505246,0.13829432427883148
10505251,0.1581459939479828
10505250,0.14160092175006866
10505281,0.1292765885591507
10505283,0.1276746541261673
10505238,0.13236038386821747
10505245,0.1292019933462143
10505284,0.13631294667720795
10505240,0.13230924308300018
10505239,0.12722578644752502
10505241,0.1252969354391098
10505243,0.14415152370929718
10505287,0.13336656987667084
10505291,0.12950125336647034
10505290,0.1330525279045105
10505289,0.12802614271640778
10505276,0.12258929014205933
10505278,0.1268726885318756
10505279,0.12257606536149979
10505277,0.1382617950439453
10505255,0.12758518755435944
10505247,0.1289462298154831
10505254,0.14775247871875763
10505249,0.13508130609989166
10505248,0.13204552233219147
10505211,0.12403129041194916
10505264,0.12362715601921082
10505263,0.13038019835948944
10505262,0.11985242366790771
10505261,0.11934663355350494
10505260,0.1213519498705864
10505205,0.12296977639198303
10505204,0.12172090262174606
10505203,0.1264735907316208
10505202,0.12255292385816574
10505199,0.1256817877292633
10505200,0.12484896183013916
10505201,0.12681716680526733
10505198,0.13366226851940155
10505196,0.17800743877887726
10505197,0.14187830686569214
10505126,0.12510262429714203
10505127,0.13441428542137146
10505128,0.12903690338134766
10505129,0.13270604610443115
10505130,0.13587608933448792
10505131,0.158408060669899
10505125,0.1556609869003296
10505124,0.14727187156677246
10505123,0.13972975313663483
10505119,0.14036305248737335
10505122,0.12628187239170074
10505121,0.1317567527294159
10505120,0.13321377336978912
10505106,0.13374124467372894
10505102,0.13552816212177277
10505104,0.13103574514389038
10505103,0.13088980317115784
10505094,0.12944446504116058
10505105,0.1273767352104187
10505093,0.12265421450138092
10505096,0.1418602168560028
10505098,0.13279974460601807
10505097,0.12823760509490967
10505099,0.14056509733200073
10505100,0.13696487247943878
10505101,0.14964056015014648
10505001,0.13486608862876892
10505006,0.12658116221427917
10505003,0.12867692112922668
10505002,0.1296066790819168
10505004,0.13468818366527557
10505005,0.12688611447811127
10505011,0.12904489040374756
10505009,0.1431036740541458
10505007,0.13395068049430847
10505023,0.15081462264060974
10505008,0.12892071902751923
10505022,0.12660305202007294
10505025,0.18560445308685303
10505024,0.234608992934227
10505021,0.13498753309249878
10505010,0.14058057963848114
10505012,0.13980677723884583
10505020,0.13604682683944702
10505018,0.13423673808574677
10505017,0.1265011429786682
10505013,0.15700846910476685
10505090,0.15567243099212646
10505089,0.15360170602798462
10505086,0.1392500251531601
10505087,0.13185863196849823
10505088,0.13779988884925842
10505014,0.1367177814245224
10505084,0.1567002683877945
10505085,0.14381268620491028
10505015,0.1333448588848114
10505019,0.14253336191177368
10505016,0.16530711948871613
10505059,0.12710535526275635
10505026,0.1333947479724884
10505027,0.1300157755613327
10505040,0.1381939947605133
10505042,0.1401485651731491
10505039,0.13346007466316223
10505038,0.1357705146074295
10505041,0.13920050859451294
10505037,0.13784804940223694
10505045,0.12551318109035492
10505044,0.13362720608711243
10505043,0.1369120329618454
10505046,0.12858550250530243
10505072,0.13459676504135132
10505082,0.24401810765266418
10505083,0.15054737031459808
10505080,0.13905692100524902
10505081,0.20672155916690826
10505071,0.13476938009262085
10505070,0.13442641496658325
10505048,0.12717697024345398
10505036,0.1379387229681015
10505035,0.12810590863227844
10505029,0.13069012761116028
10505028,0.12996980547904968
10505030,0.16438712179660797
10505032,0.1308617740869522
10505031,0.14792858064174652
10505034,0.13333991169929504
10505033,0.13385993242263794
10505049,0.13326667249202728
10505051,0.12105805426836014
10505047,0.13121813535690308
10505050,0.12205108255147934
10505052,0.12335366755723953
10505054,0.12380049377679825
10505053,0.12506142258644104
10505055,0.12658771872520447
10505062,0.14538659155368805
10505057,0.12678436934947968
10505056,0.13377568125724792
10505058,0.1248001828789711
10505060,0.1295427680015564
10505150,0.1262047290802002
10505079,0.14558713138103485
10505073,0.13939546048641205
10505112,0.13983610272407532
10505078,0.13264955580234528
10505076,0.13643315434455872
10505077,0.13768981397151947
10505074,0.1345537304878235
10505075,0.13242053985595703
10505068,0.1344631314277649
10505067,0.130531445145607
10505069,0.1347353309392929
10505063,0.13222305476665497
10505064,0.13373586535453796
10505061,0.1363883912563324
10505065,0.13028107583522797
10505066,0.14049233496189117
10505153,0.12469274550676346
10505154,0.13461945950984955
10505143,0.1294192224740982
10505145,0.12822671234607697
10505146,0.13092666864395142
10505142,0.13182373344898224
10505144,0.1353389322757721
10505141,0.13601729273796082
10505147,0.13817134499549866
10505148,0.13046008348464966
10505152,0.12611432373523712
10505151,0.12542176246643066
10505158,0.12437193840742111
10505178,0.13877256214618683
10505156,0.13180872797966003
10505176,0.15938957035541534
10505177,0.1328161507844925
10505157,0.12639544904232025
10505159,0.12597179412841797
10505162,0.16548483073711395
10505160,0.12808598577976227
10505161,0.1307748407125473
10505266,0.12508510053157806
10505274,0.13054196536540985
10505275,0.12415891140699387
10505265,0.12748382985591888
10505267,0.12378960102796555
10505268,0.12252184748649597
10505224,0.1324051320552826
10505164,0.12964212894439697
10505179,0.13265934586524963
10505155,0.1325177252292633
10505181,0.13136883080005646
10505167,0.13505049049854279
10505166,0.1253768801689148
10505168,0.12486004829406738
10505163,0.12903998792171478
10505165,0.12812407314777374
10505171,0.12782852351665497
10505169,0.13773122429847717
10505172,0.12858161330223083
10505170,0.13284334540367126
10505226,0.15133562684059143
10505175,0.13457855582237244
10505173,0.13109970092773438
10505225,0.13019894063472748
10505174,0.1308053731918335
10505116,0.13050317764282227
10505113,0.1393713653087616
10505139,0.12763890624046326
10505092,0.13630624115467072
10505107,0.1279534548521042
10505091,0.13242267072200775
10505109,0.14039871096611023
10505108,0.13112768530845642
10505118,0.13329248130321503
10505117,0.13231337070465088
10505111,0.15016964077949524
10505110,0.12844814360141754
10505138,0.12551409006118774
10505114,0.13271375000476837
10505137,0.12830203771591187
10505115,0.12718354165554047
10505269,0.12186256796121597
10505189,0.12646402418613434
10505136,0.12361574172973633
10505190,0.12550592422485352
10505133,0.12554213404655457
10505134,0.12244275212287903
10505132,0.13071824610233307
10505135,0.12411383539438248
10505194,0.1288558393716812
10505192,0.12507353723049164
10505195,0.1233498603105545
10505193,0.12688881158828735
10505191,0.12494660913944244
10505209,0.11938649415969849
10505207,0.1272422820329666
10505208,0.12058596312999725
10505259,0.12510409951210022
10505206,0.12164904922246933
10505257,0.12342941015958786
10505258,0.12553086876869202
10505256,0.1286262422800064
10505271,0.12919364869594574
10505270,0.12745186686515808
10505140,0.12847696244716644
10505149,0.12483534216880798
10505219,0.1272663027048111
10505188,0.1287274956703186
10505186,0.12836942076683044
10505210,0.12593501806259155
10505187,0.1327330470085144
10505214,0.1308942437171936
10505212,0.1267143040895462
10505253,0.13329531252384186
10505252,0.13828638195991516
10505223,0.1348543018102646
10505185,0.12358911335468292
10505213,0.13276585936546326
10505183,0.12894314527511597
10505182,0.12834925949573517
10505215,0.1467238962650299
10505217,0.13634170591831207
10505218,0.1252087503671646
10505184,0.13150250911712646
10505180,0.12919548153877258
10505220,0.126809224486351
10505221,0.12994568049907684
10505222,0.12992581725120544
10505810,0.4036608636379242
10505809,0.44663023948669434
10505805,0.24095872044563293
10505811,0.15164104104042053
10505812,0.13745929300785065
10505806,0.6809757351875305
10505807,0.4109207093715668
10505802,0.20591706037521362
10505803,0.14447259902954102
10505804,0.15593121945858002
10505095,0.12935495376586914
10505216,0.13426396250724792
10520709,1.4213945865631104
10520708,1.2080849409103394
10520710,2.4395012855529785
10520711,4.008872985839844
10520714,5.356812953948975
10520706,4.851319313049316
10520707,3.0837721824645996
10520705,3.4931790828704834
10520703,2.880131483078003
10520702,3.321545362472534
10520701,1.2061617374420166
10520717,4.403433799743652
10520712,4.390971660614014
10520713,4.979146480560303
10520718,4.653349876403809
10520716,5.74678373336792
10520715,5.699387073516846
10520727,1.3717734813690186
10520719,5.143049716949463
10520721,6.515766143798828
10520720,5.982810974121094
10520725,2.3136370182037354
10520724,4.20311164855957
10520726,3.1607370376586914
10520722,5.732254505157471
10520723,4.615230083465576
10520704,5.261486530303955
10502189,0.42894116044044495
10503014,0.20812471210956573
10508906,0.1461995244026184
10508071,0.13944971561431885
10501081,0.1308845728635788
10501082,0.1315852552652359
10501083,0.13241812586784363
10501086,0.13310441374778748
10501139,0.12837332487106323
10501166,0.13965070247650146
10503072,0.12840011715888977
10601005,0.13778527081012726
10601002,0.11958622932434082
10620701,0.15038232505321503
10620702,0.14134319126605988
10601014,0.1495315432548523
10601011,0.12443205714225769
10601013,0.13717630505561829
10601012,0.13914506137371063
10601010,0.14144949615001678
10601009,0.13182830810546875
10601007,0.12616071105003357
10601008,0.1455569714307785
10601006,0.1766911894083023
10601003,0.11377772688865662
10601004,0.111905537545681
10601001,0.11806733906269073
10510009,0.1251775026321411
10103033,0.14469526708126068
10103903,0.15296436846256256
10103802,0.21372728049755096
10103803,0.22347809374332428
10103801,0.24749013781547546
10103017,0.15499041974544525
10103016,0.14181245863437653
10103018,0.14501766860485077
10103019,0.1459341198205948
10103020,0.15547290444374084
10103022,0.1424604207277298
10103046,0.13496065139770508
10103045,0.13206712901592255
10103043,0.13510829210281372
10103001,0.14100393652915955
10103002,0.14601807296276093
10103024,0.15535154938697815
10103027,0.14416255056858063
10103029,0.13697285950183868
10103025,0.1579694002866745
10103023,0.13906951248645782
10103026,0.1381852775812149
10103021,0.15409056842327118
10103028,0.13767950236797333
10103015,0.1409337967634201
10103014,0.14183737337589264
10103003,0.14992056787014008
10103013,0.16912071406841278
10103044,0.13605506718158722
10103030,0.12791985273361206
10103031,0.18281295895576477
10103032,0.15943452715873718
10103035,0.15736114978790283
10103034,0.161887064576149
10103040,0.14314474165439606
10103036,0.16980162262916565
10103010,0.1466744989156723
10103008,0.15982317924499512
10103009,0.1538868099451065
10103011,0.1640317291021347
10103007,0.1445089876651764
10103006,0.14133723080158234
10103004,0.14519070088863373
10103005,0.13811515271663666
10103037,0.15994557738304138
10103042,0.13691087067127228
10103041,0.143443763256073
10103039,0.14685456454753876
10103038,0.1667325496673584
10103012,0.15042707324028015
10106002,0.1390085518360138
10107001,0.1623435914516449
10106801,0.2527923583984375
10106901,0.1305178850889206
10107901,0.15044645965099335
10106019,0.12385810911655426
10106021,0.1270686537027359
10106020,0.13542243838310242
10106022,0.13285446166992188
10106023,0.1341392695903778
10106024,0.16549880802631378
10106016,0.17731651663780212
10106025,0.13620921969413757
10106802,0.3158283233642578
10106803,0.35783153772354126
10106014,0.1484614908695221
10106015,0.1505584865808487
10106017,0.15793223679065704
10106013,0.14900720119476318
10106009,0.12556228041648865
10106008,0.13301768898963928
10106007,0.12059792876243591
10106010,0.12637819349765778
10106006,0.13910487294197083
10106018,0.12322929501533508
10106011,0.13332955539226532
10106012,0.1289452463388443
10106004,0.14928646385669708
10106005,0.13363218307495117
10106003,0.1439661830663681
10106001,0.1285436749458313
10107011,0.15610496699810028
10107016,0.132539764046669
10107012,0.11792951077222824
10107015,0.12299103289842606
10107014,0.1271049529314041
10107013,0.12057280540466309
10107007,0.1287495195865631
10107006,0.13165801763534546
10107008,0.1201917827129364
10107010,0.13853220641613007
10107005,0.13305285573005676
10107009,0.13192042708396912
10107004,0.13171756267547607
10107003,0.136422261595726
10107002,0.13355931639671326
10105022,0.14152736961841583
10105004,0.1433931589126587
10105903,0.1212402731180191
10105902,0.12228861451148987
10105803,0.15770410001277924
10105801,0.2582781910896301
10105053,0.12193270772695541
10105052,0.12212901562452316
10105045,0.1280967742204666
10105044,0.12759564816951752
10105050,0.12604022026062012
10105051,0.12755757570266724
10105046,0.13231639564037323
10105049,0.12339314818382263
10105048,0.12680715322494507
10105047,0.13124848902225494
10105042,0.1728043258190155
10105043,0.16289818286895752
10105040,0.1440180093050003
10105804,0.17207448184490204
10105904,0.1232948750257492
10105038,0.13372297585010529
10105039,0.13789570331573486
10105037,0.12665952742099762
10105028,0.12625782191753387
10105036,0.1845979243516922
10105041,0.11874924600124359
10105031,0.11900343745946884
10105035,0.12982000410556793
10105034,0.12959662079811096
10105033,0.12836480140686035
10105032,0.12732501327991486
10105030,0.1200801432132721
10105029,0.12120814621448517
10105027,0.1310664713382721
10105026,0.1264931857585907
10105023,0.1339983195066452
10105025,0.1272922158241272
10105024,0.12342741340398788
10105021,0.13406036794185638
10105802,0.2608315646648407
10105020,0.12363610416650772
10105018,0.11871834099292755
10105012,0.12696200609207153
10105013,0.12430499494075775
10105019,0.12327469885349274
10105009,0.12658686935901642
10105002,0.1320183128118515
10105001,0.1416516751050949
10105017,0.1255853772163391
10105016,0.12648992240428925
10105015,0.13079428672790527
10105014,0.12922199070453644
10105011,0.12992843985557556
10105010,0.13513964414596558
10105008,0.1482894867658615
10105007,0.13777534663677216
10105003,0.14001503586769104
10105006,0.13930164277553558
10105005,0.13888618350028992
10104002,0.14756059646606445
10104011,0.12879078090190887
10104012,0.1321798861026764
10104008,0.15363454818725586
10104009,0.13821202516555786
10104007,0.14941652119159698
10104006,0.15399502217769623
10104004,0.15707753598690033
10104005,0.15813662111759186
10104001,0.1422049105167389
10104003,0.14711220562458038
10104010,0.1350143849849701
10108002,0.1289352923631668
10108902,0.13292105495929718
10108010,0.12961046397686005
10108009,0.1296970397233963
10108011,0.12768468260765076
10108015,0.1368272602558136
10108014,0.1418948620557785
10108012,0.13178804516792297
10108013,0.1323029100894928
10108005,0.1417652666568756
10108007,0.14646729826927185
10108006,0.13880252838134766
10108004,0.16098877787590027
10108003,0.1246923878788948
10108001,0.1303223818540573
10120710,4.004256248474121
10120716,3.8069264888763428
10120709,2.620784044265747
10120711,3.0533435344696045
10120703,1.5210304260253906
10120704,1.949561595916748
10120705,1.6870743036270142
10109901,0.1318499892950058
10109001,0.1495763063430786
10109002,0.13250450789928436
10109003,0.1789066046476364
10109034,0.14744766056537628
10109004,0.1459631621837616
10109005,0.16826027631759644
10109006,0.19243232905864716
10109007,0.14657965302467346
10109008,0.14663128554821014
10109009,0.14645595848560333
10109010,0.14447683095932007
10109011,0.14428284764289856
10109012,0.14017927646636963
10109013,0.14019237458705902
10109014,0.14654839038848877
10109015,0.1350635439157486
10109016,0.14352542161941528
10109017,0.13363230228424072
10109018,0.1447308361530304
10109019,0.14612044394016266
10109020,0.15870508551597595
10109021,0.15036900341510773
10109022,0.1425219476222992
10109023,0.23822884261608124
10109024,0.21137544512748718
10109025,0.14362743496894836
10109026,0.14250721037387848
10109027,0.13838383555412292
10109028,0.1414976418018341
10109029,0.1332678347826004
10109030,0.12846726179122925
10109031,0.1379426121711731
10109032,0.12922385334968567
10109033,0.1342737078666687
10109035,0.13914890587329865
10109036,0.14083917438983917
10109037,0.14126630127429962
10109038,0.1391630470752716
10109039,0.13968025147914886
10109040,0.13467536866664886
10109041,0.12989932298660278
10109042,0.13033853471279144
10109043,0.13720063865184784
10204032,0.16435614228248596
10204805,0.30247995257377625
10204811,1.3168758153915405
10204901,0.16938145458698273
10204902,0.14207561314105988
10204057,0.18168820440769196
10204058,0.1931580901145935
10204056,0.2794557213783264
10204053,0.18829193711280823
10204052,0.17354543507099152
10204051,0.16506978869438171
10204047,0.16516977548599243
10204044,0.2184169888496399
10204045,0.1409512609243393
10204046,0.15872816741466522
10204055,0.2751467525959015
10204048,0.1690826714038849
10204050,0.16165632009506226
10204043,0.30584871768951416
10204042,0.16768397390842438
10204049,0.1777750849723816
10204041,0.17244146764278412
10204028,0.16215403378009796
10204027,0.3133610188961029
10204808,1.6938544511795044
10204809,1.5407310724258423
10204810,0.9660506248474121
10204014,0.37469103932380676
10204013,0.34933412075042725
10204012,0.1883707344532013
10204010,0.21136842668056488
10204008,0.258925199508667
10204011,0.17121866345405579
10204009,0.15911731123924255
10204007,0.15952937304973602
10204006,0.14953674376010895
10204005,0.2602795362472534
10204001,0.15099050104618073
10204004,0.14703325927257538
10204003,0.13409751653671265
10204002,0.14338135719299316
10204020,0.13558736443519592
10204018,0.13779768347740173
10204019,0.1335577815771103
10204037,0.1614873856306076
10204036,0.15091222524642944
10204035,0.19222620129585266
10204040,0.24852141737937927
10204038,0.19816935062408447
10204039,0.3126312792301178
10204033,0.2407057136297226
10204034,0.27412641048431396
10204031,0.22818641364574432
10204029,0.1492898315191269
10204026,0.19309286773204803
10204030,0.16245143115520477
10204016,0.2305130511522293
10204015,0.2639409601688385
10204017,0.1643688976764679
10204021,0.14201173186302185
10204025,0.14922404289245605
10204024,0.1446225345134735
10204022,0.205528125166893
10204023,0.1533936858177185
10204054,0.1863817274570465
10204803,1.1145975589752197
10204802,0.8197095394134521
10204801,0.519641637802124
10204804,0.3695864677429199
10204806,0.9997269511222839
10205901,0.16185374557971954
10205801,0.4238421618938446
10205802,0.51518714427948
10205001,0.21057339012622833
10205002,0.29282844066619873
10205003,0.36918142437934875
10205014,0.2116507589817047
10205015,0.14363794028759003
10205017,0.14715340733528137
10205004,0.2850213944911957
10205005,0.13594084978103638
10205008,0.13405586779117584
10205009,0.12905199825763702
10205031,0.19662456214427948
10205006,0.1562783122062683
10205013,0.16955725848674774
10205018,0.13957732915878296
10205020,0.13373032212257385
10205021,0.13345441222190857
10205019,0.1342685967683792
10205022,0.14340229332447052
10205026,0.1436372995376587
10205025,0.15076501667499542
10205016,0.14835147559642792
10205023,0.14953072369098663
10205012,0.15844164788722992
10205044,0.3715798258781433
10205042,0.15152797102928162
10205040,0.14416354894638062
10205043,0.16217373311519623
10205041,0.15451674163341522
10205039,0.13856355845928192
10205038,0.13617043197155
10205032,0.15464074909687042
10205007,0.12577779591083527
10205010,0.1346731036901474
10205011,0.13909894227981567
10205024,0.20510233938694
10205027,0.1524016559123993
10205028,0.17144624888896942
10205030,0.1498122662305832
10205029,0.157978817820549
10205037,0.14021036028862
10205035,0.16913753747940063
10205036,0.1407783180475235
10205033,0.22874115407466888
10205034,0.38653823733329773
10202005,0.15038667619228363
10202803,0.17685776948928833
10202029,0.15998969972133636
10202028,0.15750621259212494
10202026,0.16594979166984558
10202021,0.18079793453216553
10202018,0.15623623132705688
10202027,0.15258055925369263
10202019,0.15625958144664764
10202025,0.1576090306043625
10202024,0.15683980286121368
10202023,0.1661539375782013
10202016,0.14681778848171234
10202022,0.15997716784477234
10202020,0.15420614182949066
10202014,0.17176534235477448
10202017,0.1531166285276413
10202801,0.18034282326698303
10202802,0.17310382425785065
10202001,0.15675516426563263
10202015,0.14916113018989563
10202013,0.20931927859783173
10202003,0.14769768714904785
10202002,0.14736004173755646
10202004,0.14369556307792664
10202012,0.22751134634017944
10202011,0.1587371826171875
10202006,0.18133755028247833
10202010,0.7942603826522827
10202007,0.2626061737537384
10202009,1.323271632194519
10202008,0.49198517203330994
10203067,0.17000028491020203
10203801,0.22060078382492065
10203903,0.1196807399392128
10203902,0.12930914759635925
10203904,0.1326475292444229
10203112,0.13091057538986206
10203105,0.12085384130477905
10203106,0.13039863109588623
10203101,0.11177770793437958
10203102,0.13564181327819824
10203100,0.11057403683662415
10203015,0.14101642370224
10203111,0.12339300662279129
10203108,0.13122159242630005
10203109,0.12434139102697372
10203110,0.13282859325408936
10203107,0.12486767768859863
10203104,0.12941142916679382
10203103,0.12521864473819733
10203099,0.13345889747142792
10203092,0.14596213400363922
10203098,0.1648646891117096
10203097,0.11448770761489868
10203096,0.1269955188035965
10203094,0.14549006521701813
10203095,0.14851613342761993
10203093,0.16774870455265045
10203086,0.2054506540298462
10203087,0.2727193236351013
10203085,0.14744675159454346
10203084,0.1548880934715271
10203082,0.16223947703838348
10203081,0.1631915122270584
10203080,0.25065937638282776
10203078,0.2510768175125122
10203079,0.20902426540851593
10203075,0.23076237738132477
10203074,0.33080247044563293
10203091,0.13214991986751556
10203090,0.15282674133777618
10203062,0.1683344841003418
10203089,0.12469664961099625
10203088,0.13551859557628632
10203083,0.1305471509695053
10203077,0.1774306744337082
10203071,0.1637193113565445
10203070,0.13360713422298431
10203069,0.13492721319198608
10203076,0.3138042688369751
10203072,0.17428569495677948
10203073,0.17253194749355316
10203068,0.1425754427909851
10203056,0.2650115489959717
10203057,0.17965704202651978
10203058,0.15742051601409912
10203066,0.165557399392128
10203064,0.1365073025226593
10203061,0.14108341932296753
10203065,0.1437201052904129
10203060,0.14819708466529846
10203059,0.1520111858844757
10203001,0.12922020256519318
10203003,0.1294691413640976
10203002,0.13007739186286926
10203018,0.1749800145626068
10203019,0.16357365250587463
10203055,0.1846802532672882
10203054,0.25246164202690125
10203053,0.2390204817056656
10203052,0.21902434527873993
10203051,0.2332826405763626
10203050,0.2767617106437683
10203040,0.2567616403102875
10203041,0.24013522267341614
10203039,0.21157434582710266
10203016,0.14701949059963226
10203038,0.22095301747322083
10203037,0.1778019815683365
10203030,0.18495720624923706
10203028,0.18593262135982513
10203029,0.16373760998249054
10203035,0.16149920225143433
10203049,0.19459469616413116
10203043,0.188307523727417
10203042,0.2544114887714386
10203044,0.15271280705928802
10203036,0.1697818487882614
10203034,0.20110991597175598
10203063,0.19364087283611298
10203011,0.6275299787521362
10203010,0.16365234553813934
10203009,0.14095748960971832
10203048,0.18642789125442505
10203047,0.16604599356651306
10203045,0.1435159295797348
10203046,0.14263711869716644
10203033,0.17355255782604218
10203032,0.14741382002830505
10203031,0.22254668176174164
10203027,0.15390202403068542
10203026,0.13728222250938416
10203023,0.1325397789478302
10203025,0.12862011790275574
10203024,0.13022005558013916
10203020,0.14780500531196594
10203021,0.1430976837873459
10203022,0.1373119056224823
10203004,0.14321643114089966
10203005,0.13545027375221252
10203006,0.1318511664867401
10203013,0.20547659695148468
10203012,0.18120133876800537
10203014,0.1655856817960739
10203017,0.16377566754817963
10203008,0.1407831609249115
10203007,0.12749074399471283
10201036,0.13976097106933594
10201802,0.2265346646308899
10201033,0.13925281167030334
10201034,0.14012213051319122
10201084,0.1357734054327011
10201081,0.17072658240795135
10201055,0.13885019719600677
10201056,0.12978552281856537
10201061,0.1371949166059494
10201070,0.13309597969055176
10201067,0.137070894241333
10201058,0.13756795227527618
10201069,0.16725680232048035
10201068,0.13216662406921387
10201072,0.14187467098236084
10201071,0.1514720916748047
10201066,0.12882183492183685
10201062,0.13138772547245026
10201057,0.1432328224182129
10201059,0.1360909640789032
10201060,0.14102767407894135
10201806,0.3641882538795471
10201805,0.1973990947008133
10201804,0.2406836748123169
10201803,0.3627708852291107
10201801,0.22808818519115448
10201001,0.15064284205436707
10201002,0.15250980854034424
10201005,0.15496492385864258
10201004,0.1469765454530716
10201014,0.15212765336036682
10201030,0.17138448357582092
10201031,0.14312607049942017
10201013,0.17803984880447388
10201029,0.14716996252536774
10201028,0.2604825496673584
10201027,0.16946503520011902
10201048,0.16053462028503418
10201024,0.18943344056606293
10201026,0.15419869124889374
10201053,0.1335286945104599
10201025,0.1509874165058136
10201043,0.13988156616687775
10201044,0.1434430480003357
10201042,0.16447341442108154
10201038,0.1636582463979721
10201037,0.14111612737178802
10201032,0.13982273638248444
10201041,0.14182314276695251
10201040,0.1472105234861374
10201039,0.1412341445684433
10201035,0.1338643878698349
10201047,0.18666329979896545
10201063,0.1280483603477478
10201064,0.1358848363161087
10201065,0.1370244026184082
10201073,0.1802138090133667
10201074,0.14314721524715424
10201075,0.18081821501255035
10201076,0.18951427936553955
10201054,0.1401141732931137
10201052,0.15124399960041046
10201051,0.18651211261749268
10201049,0.14209184050559998
10201046,0.13234128057956696
10201050,0.12948280572891235
10201045,0.1419481635093689
10201015,0.23596760630607605
10201012,0.2519228756427765
10201006,0.14720770716667175
10201007,0.17427122592926025
10201003,0.15151116251945496
10201008,0.15782316029071808
10201011,0.17914070188999176
10201009,0.1690686196088791
10201010,0.1923714578151703
10201016,0.20113475620746613
10201017,0.1720099002122879
10201023,0.23247435688972473
10201018,0.17485670745372772
10201022,0.18852095305919647
10201019,0.18211163580417633
10201020,0.16320538520812988
10201021,0.20538915693759918
10201077,0.21375173330307007
10201078,0.15981927514076233
10201079,0.13851307332515717
10201080,0.1393064558506012
10201088,0.1984524130821228
10201087,0.14898139238357544
10201086,0.161942720413208
10201085,0.15251702070236206
10201083,0.13814210891723633
10201082,0.13856159150600433
10220730,1.5828486680984497
10220703,0.5720613598823547
10220702,0.39805111289024353
10220701,0.32139909267425537
10220708,1.2465256452560425
10220707,2.679368734359741
10220709,2.2001922130584717
10220704,0.6614194512367249
10220723,0.999144434928894
10220721,3.5666606426239014
10220716,4.496084690093994
10220722,2.772930145263672
10220719,2.303926467895508
10220717,4.723484516143799
10220706,3.2127881050109863
10220705,2.603154182434082
10220720,3.6118502616882324
10220718,3.7285618782043457
10220725,0.376201331615448
10220724,0.8066050410270691
10220737,4.725340366363525
10220714,4.08506441116333
10220710,2.4916470050811768
10220713,3.1505630016326904
10220712,2.7514524459838867
10220742,1.1743637323379517
10220711,1.870823860168457
10220741,2.4450650215148926
10220738,4.509376525878906
10220739,3.509632110595703
10220753,0.61121368408203125
10220743,0.9019253253936768
10220752,2.5726420879364014
10220751,3.75703501701355
10220745,4.039459228515625
10220740,2.1868574619293213
10220744,4.196760654449463
10220754,0.320982962846756
10220749,0.6044240593910217
10220715,4.244317054748535
10220732,1.8771930932998657
10220736,3.910893678665161
10220735,3.006565570831299
10220733,2.5883004665374756
10220734,3.556831121444702
10220746,3.383200168609619
10220750,3.0810165405273438
10220747,2.750361680984497
10220748,1.0564838647842407
10220726,0.6355139017105103
10220728,0.6314811110496521
10220731,1.443482518196106
10220727,0.6408941745758057
10220729,0.7545172572135925
10305901,0.23178455233573914
10305012,0.15460588037967682
10305904,0.1365385502576828
10305003,0.2933594882488251
10305002,0.14321187138557434
10305007,0.18892547488212585
10305004,0.4080105125904083
10305001,0.14686691761016846
10305006,0.22699947655200958
10305005,0.16604286432266235
10305008,0.14773505926132202
10305009,0.1604071855545044
10305010,0.15967872738838196
10305011,0.2060123085975647
10305014,0.2337685078382492
10305015,0.1579538732767105
10305017,0.16363562643527985
10305016,0.16611315310001373
10305013,0.19859592616558075
10305906,0.19251711666584015
10305903,0.18042227625846863
10305902,0.1919361799955368
10305905,0.16061784327030182
10312002,0.18702660501003265
10312027,0.148128941655159
10312030,0.1394260972738266
10312026,0.14769718050956726
10312059,0.13948769867420197
10312054,0.17313078045845032
10312058,0.13943637907505035
10312056,0.13917900621891022
10312057,0.1357526332139969
10312051,0.2980453073978424
10312029,0.13836319744586945
10312050,0.14493128657341003
10312019,0.24358758330345154
10312042,0.173654705286026
10312041,0.19373074173927307
10312038,0.17276020348072052
10312036,0.16256722807884216
10312043,0.1528576910495758
10312053,0.18031424283981323
10312047,0.15023745596408844
10312049,0.14409205317497253
10312048,0.14602555334568024
10312028,0.14043033123016357
10312052,0.14672109484672546
10312037,0.1504945009946823
10312044,0.14178027212619781
10312045,0.13707192242145538
10312046,0.14254070818424225
10312031,0.22757379710674286
10312020,0.5975245237350464
10312034,0.16760233044624329
10312035,0.14910270273685455
10312033,0.1526881903409958
10312032,0.15433071553707123
10312013,0.15727107226848602
10312024,0.1487487554550171
10312040,0.19811080396175385
10312039,0.16631925106048584
10312018,0.24926334619522095
10312017,0.1910240203142166
10312003,0.14976860582828522
10312021,0.6213822960853577
10312022,0.3996044397354126
10312015,0.19403718411922455
10312007,0.19166499376296997
10312011,0.17020127177238464
10312012,0.14768914878368378
10312023,0.22598659992218018
10312025,0.15067650377750397
10312010,0.16949842870235443
10312014,0.15506763756275177
10312008,0.2300240695476532
10312009,0.1576310396194458
10312001,0.18658660352230072
10309803,0.3965965807437897
10309002,0.13186295330524445
10309003,0.14880044758319855
10309004,0.16381262242794037
10309008,0.14157268404960632
10309010,0.23393695056438446
10309009,0.14107316732406616
10309017,0.143273264169693
10309016,0.1426270306110382
10309018,0.14664539694786072
10309014,0.17715127766132355
10309006,0.34614309668540955
10309013,0.16346967220306396
10309015,0.1481575220823288
10309007,0.14495503902435303
10309005,0.2554178237915039
10309026,0.19939905405044556
10309025,0.22465749084949493
10309024,0.18780915439128876
10309023,0.22052867710590363
10309022,0.1714562177658081
10309021,0.2739522457122803
10309011,0.1605326384305954
10309019,0.14808949828147888
10309012,0.15622608363628387
10309020,0.19528977572917938
10309802,0.33044105768203735
10309801,0.1947592794895172
10309806,0.35198813676834106
10309804,0.3549223840236664
10309805,0.5582301616668701
10308901,0.405856728553772
10308016,0.32009831070899963
10308008,0.1715879589319229
10308017,0.16101530194282532
10308012,0.6072729825973511
10308009,0.633695662021637
10308010,0.4029827117919922
10308011,0.7140734195709229
10308013,0.7085070610046387
10306901,0.150967076420784
10306019,0.1336132436990738
10306021,0.16311167180538177
10306026,0.1411975622177124
10306023,0.22435858845710754
10306025,0.2453630119562149
10306024,0.18863798677921295
10303010,0.1481354683637619
10303013,0.2726956605911255
10303012,0.17339612543582916
10303011,0.2068488448858261
10303008,0.1588222086429596
10303009,0.14174698293209076
10303007,0.15023556351661682
10303006,0.1506795436143875
10303005,0.14850428700447083
10303004,0.16261933743953705
10303003,0.13967439532279968
10303002,0.14254362881183624
10303001,0.14642298221588135
10304011,0.18032817542552948
10304901,0.13586974143981934
10304807,0.2102244645357132
10304810,0.2763919234275818
10304808,0.33598220348358154
10304806,0.36968955397605896
10304805,0.9433231353759766
10304802,2.607233762741089
10304801,1.4938918352127075
10304803,5.451395511627197
10304804,1.2516840696334839
10304809,0.229837104678154
10304008,0.24618764221668243
10304005,0.2051914781332016
10304007,0.19071608781814575
10304006,0.1751946210861206
10304003,0.1352113038301468
10304004,0.15899553894996643
10304002,0.14364413917064667
10304001,0.14264316856861115
10304014,0.15935325622558594
10304009,0.21710774302482605
10304010,0.16088831424713135
10304012,0.23328648507595062
10304013,0.19080011546611786
10301003,0.22889964282512665
10301903,0.29482707381248474
10301801,0.24359828233718872
10301906,0.3146790564060211
10301905,0.30647921562194824
10301904,0.16683195531368256
10301902,0.18968677520751953
10301073,0.1693369299173355
10301072,0.17194999754428864
10301069,0.1496693193912506
10301068,0.15302078425884247
10301071,0.17235860228538513
10301070,0.17487969994544983
10301067,0.1521035134792328
10301064,0.14978250861167908
10301066,0.17067058384418488
10301065,0.17040911316871643
10301059,0.13943207263946533
10301063,0.14480572938919067
10301061,0.1359129399061203
10301062,0.13858431577682495
10301060,0.1444348394870758
10301052,0.13044695556163788
10301019,0.146663635969162
10301036,0.14080002903938293
10301046,0.15220607817173004
10301045,0.14700333774089813
10301047,0.1348927915096283
10301049,0.14017866551876068
10301050,0.14390785992145538
10301051,0.13900871574878693
10301044,0.1470308154821396
10301040,0.1460159569978714
10301048,0.1436643749475479
10301043,0.14101465046405792
10301041,0.14028708636760712
10301042,0.14010007679462433
10301037,0.1289782077074051
10301038,0.13176356256008148
10301039,0.14059606194496155
10301025,0.13894471526145935
10301023,0.13765518367290497
10301024,0.1398206353187561
10301013,0.13868620991706848
10301002,0.20592178404331207
10301012,0.1314247101545334
10301014,0.14587904512882233
10301011,0.15422672033309937
10301010,0.16035720705986023
10301001,0.3489847779273987
10301057,0.148213729262352
10301058,0.16016454994678497
10301054,0.15953852236270905
10301055,0.14935697615146637
10301033,0.26161158084869385
10301034,0.13277022540569305
10301053,0.13405261933803558
10301035,0.15526138246059418
10301031,0.22853422164916992
10301032,0.2951867878437042
10301056,0.15591983497142792
10301030,0.14559639990329742
10301029,0.16602341830730438
10301028,0.14732672274112701
10301027,0.1429801732301712
10301020,0.13221414387226105
10301018,0.14162792265415192
10301026,0.13126517832279205
10301021,0.13625046610832214
10301022,0.1375047266483307
10301016,0.13109081983566284
10301017,0.13597612082958221
10301008,0.1430293321609497
10301015,0.13631317019462585
10301007,0.1435701847076416
10301006,0.17165347933769226
10301009,0.1598024219274521
10301005,0.18341022729873657
10301004,0.2092815637588501
10302004,0.1603054255247116
10302001,0.15542221069335938
10302909,0.1874849945306778
10302901,0.14919009804725647
10302902,0.16430456936359406
10302907,0.16483722627162933
10302022,0.14646932482719421
10302021,0.27732521295547485
10302018,0.15610285103321075
10302019,0.16550958156585693
10302016,0.16868288815021515
10302017,0.20349404215812683
10302020,0.16123877465724945
10302014,0.1473522037267685
10302015,0.149159237742424
10302013,0.1478833258152008
10302003,0.14008226990699768
10302011,0.15348701179027557
10302012,0.22540844976902008
10302009,0.1491219848394394
10302010,0.16367842257022858
10302008,0.1275910586118698
10302006,0.2081584930419922
10302007,0.20342287421226501
10302005,0.2632712721824646
10302002,0.15177325904369354
10302904,0.14638890326023102
10302903,0.16295021772384644
10302905,0.19809038937091827
10302906,0.14470316469669342
10302908,0.16790421307086945
10307901,0.13522088527679443
10307006,0.1324925422668457
10307009,0.13409726321697235
10307001,0.13809266686439514
10307002,0.1330781877040863
10307003,0.12764714658260345
10307004,0.13361002504825592
10307015,0.14301159977912903
10307020,0.1610567569732666
10307019,0.1637786328792572
10307016,0.1526392698287964
10307018,0.17475272715091705
10307017,0.18503437936306
10307014,0.13460209965705872
10307013,0.2086065262556076
10307012,0.2837090790271759
10307011,0.1750001460313797
10307010,0.1724558025598526
10307008,0.14260122179985046
10307007,0.13865604996681213
10307005,0.13929224014282227
10310002,0.15115311741828918
10310024,0.2254074215888977
10310022,0.16930820047855377
10310021,0.1725463569164276
10310020,0.15834543108940125
10310019,0.14418669044971466
10310017,0.13774429261684418
10310018,0.17613178491592407
10310013,0.1430741250514984
10310014,0.14046981930732727
10310015,0.14079508185386658
10310009,0.1510360985994339
10310010,0.14116083085536957
10310001,0.1962791234254837
10310008,0.16868558526039124
10310012,0.14245179295539856
10310011,0.14377361536026
10310003,0.14459089934825897
10310005,0.14498299360275269
10310004,0.13933555781841278
10310006,0.14365644752979279
10310007,0.1606711447238922
10310901,0.1781480610370636
10310016,0.14653973281383514
10310902,0.15185192227363586
10311001,0.16704460978507996
10311003,0.20964011549949646
10311002,0.15557947754859924
10314001,0.18449066579341888
10314002,0.20767351984977722
10310023,0.25869515538215637
10407002,0.17225265502929688
10407901,0.12779173254966736
10407029,0.1994217187166214
10407011,0.148487851023674
10407013,0.15504641830921173
10407012,0.16171962022781372
10407009,0.22793154418468475
10407010,0.15530896186828613
10407023,0.15518347918987274
10407015,0.1587708592414856
10407014,0.18071098625659943
10407022,0.14957156777381897
10407020,0.14037422835826874
10407018,0.13677175343036652
10407007,0.17113488912582397
10407021,0.13645964860916138
10407016,0.15730054676532745
10407017,0.14519169926643372
10407008,0.17415915429592133
10407024,0.1433648318052292
10407019,0.13536562025547028
10407025,0.20343564450740814
10407026,0.1369362771511078
10407031,0.20977883040905
10407027,0.15014906227588654
10407030,0.21021948754787445
10407028,0.16779211163520813
10407001,0.1631055772304535
10407005,0.27236035466194153
10407004,0.2368229627609253
10407003,0.14374421536922455
10407006,0.14217336475849152
10402007,0.16889727115631104
10402001,0.18603579699993134
10402002,0.1852513700723648
10402009,0.2748603820800781
10402008,0.23747393488883972
10402003,0.4188169836997986
10402006,0.1520249843597412
10402004,0.46611669659614563
10402005,0.1936430186033249
10404902,0.21419386565685272
10404802,0.7961246967315674
10404804,0.25273656845092773
10404025,0.20997706055641174
10404803,0.19581882655620575
10404031,0.14953173696994781
10404032,0.14788268506526947
10404028,0.15597853064537048
10404027,0.18500865995883942
10404024,0.21190162003040314
10404026,0.20093654096126556
10404023,0.1566552370786667
10404029,0.14125412702560425
10404030,0.16415324807167053
10404022,0.15341821312904358
10404021,0.2735377252101898
10404018,0.179350808262825
10404019,0.196420818567276
10404020,0.6442483067512512
10404017,0.16476206481456757
10404016,0.20251218974590302
10404015,0.24584132432937622
10404013,0.26624032855033875
10404901,0.20299744606018066
10404012,0.22945630550384521
10404007,0.18873044848442078
10404008,0.21529969573020935
10404006,0.18155913054943085
10404011,0.1799452006816864
10404010,0.20310354232788086
10404009,0.2679467797279358
10404005,0.2215820550918579
10404001,0.20873957872390747
10404002,0.25111204385757446
10404801,0.47578611969947815
10404003,0.20172300934791565
10404004,0.32263675332069397
10403013,0.1775466948747635
10403801,0.28326499462127686
10403001,0.19303517043590546
10403008,0.18147289752960205
10403031,0.17362679541110992
10403030,0.2555033564567566
10403028,0.16525068879127502
10403023,0.16249148547649384
10403027,0.1455272138118744
10403025,0.16161304712295532
10403026,0.15811371803283691
10403017,0.2070215493440628
10403018,0.16946427524089813
10403014,0.1543910801410675
10403015,0.1564602255821228
10403016,0.1584872007369995
10403009,0.172052800655365
10403010,0.19400355219841003
10403011,0.18420445919036865
10403024,0.1550639569759369
10403012,0.16592854261398315
10403802,0.2783621847629547
10403022,0.16202586889266968
10403029,0.20138169825077057
10403021,0.1468198001384735
10403020,0.1612844616174698
10403004,0.19073618948459625
10403002,0.15909402072429657
10403003,0.16788038611412048
10403005,0.15945163369178772
10403007,0.1941288709640503
10403006,0.16483630239963531
10403019,0.17986960709095
10413901,0.13866259157657623
10409007,0.1366758495569229
10408803,0.26125630736351013
10409001,0.1310538649559021
10409002,0.1391826570034027
10409004,0.2851099669933319
10409003,0.1620662361383438
10409005,0.13470064103603363
10409010,0.13512003421783447
10409011,0.13988584280014038
10409009,0.13072113692760468
10409008,0.1279677301645279
10409006,0.12773704528808594
10408010,0.13411946594715118
10408801,0.18652217090129852
10408802,0.24887242913246155
10408009,0.13845960795879364
10408007,0.1375235915184021
10408008,0.13183185458183289
10408015,0.18563158810138702
10408011,0.16761991381645203
10408012,0.1425749510526657
10408014,0.14385290443897247
10408001,0.1252753734588623
10408013,0.12804734706878662
10408016,0.13576006889343262
10408018,0.2295042872428894
10408017,0.14501777291297913
10408005,0.12981830537319183
10408006,0.1325049251317978
10408004,0.13164731860160828
10408002,0.13939447700977325
10408003,0.12260359525680542
10401011,0.12103132158517838
10401802,0.3299870491027832
10401034,0.12568676471710205
10401003,0.12857329845428467
10401002,0.13876408338546753
10401004,0.1665794998407364
10401008,0.16385702788829803
10401001,0.1229843869805336
10401009,0.12429513037204742
10401007,0.13484309613704681
10401024,0.13892123103141785
10401037,0.1407516449689865
10401010,0.13820809125900269
10401025,0.16216637194156647
10401066,0.17894868552684784
10401067,0.20467720925807953
10401084,0.24061085283756256
10401083,0.21685770153999329
10401059,0.17276689410209656
10401055,0.16746483743190765
10401056,0.12918144464492798
10401057,0.13441312313079834
10401054,0.14220240712165833
10401062,0.19587457180023193
10401061,0.18868713080883026
10401060,0.1503770500421524
10401058,0.14019674062728882
10401053,0.16393554210662842
10401051,0.14871017634868622
10401064,0.1508786678314209
10401065,0.13519056141376495
10401050,0.17111770808696747
10401049,0.13798676431179047
10401052,0.13444428145885468
10401048,0.16452808678150177
10401047,0.14921319484710693
10401046,0.16404356062412262
10401045,0.14170335233211517
10401044,0.1910613477230072
10401043,0.12956809997558594
10401042,0.12820515036582947
10401041,0.12555073201656342
10401039,0.14785702526569366
10401038,0.17595912516117096
10401031,0.1872936189174652
10401030,0.17548346519470215
10401029,0.1892995983362198
10401032,0.13471947610378265
10401005,0.13618157804012299
10401028,0.20491181313991547
10401006,0.14166173338890076
10401026,0.13512322306632996
10401027,0.13195516169071198
10401033,0.12739917635917664
10401036,0.13896991312503815
10401063,0.19899152219295502
10401040,0.1309117078781128
10401035,0.12774887681007385
10401806,1.1592860221862793
10401801,0.3126007914543152
10401805,1.2707676887512207
10401804,1.3174999952316284
10401803,0.5080142021179199
10401094,0.2451627105474472
10401090,0.13440996408462524
10401091,0.15522800385951996
10401085,0.4092370867729187
10401093,0.316097229719162
10401092,0.19426728785037994
10401076,0.19756397604942322
10401082,0.29002469778060913
10401087,0.1675543636083603
10401086,0.19156420230865479
10401089,0.14472950994968414
10401074,0.13868126273155212
10401075,0.14469391107559204
10401088,0.14119987189769745
10401077,0.15031959116458893
10401080,0.31110939383506775
10401081,0.1990857571363449
10401079,0.18672676384449005
10401078,0.20288145542144775
10401072,0.19887208938598633
10401068,0.15729860961437225
10401071,0.14015983045101166
10401069,0.1327793002128601
10401070,0.12323145568370819
10401014,0.14949572086334229
10401015,0.12455394119024277
10401016,0.12295715510845184
10401073,0.20092883706092834
10401017,0.12845903635025024
10401018,0.11964656412601471
10401022,0.1277940720319748
10401020,0.13042117655277252
10401023,0.12592290341854095
10401019,0.1253347396850586
10401013,0.12353400141000748
10401012,0.11860311031341553
10401021,0.1208571270108223
10411002,0.19967792928218842
10411006,0.1529732495546341
10411004,0.16245783865451813
10411003,0.16004377603530884
10411005,0.16918426752090454
10412902,0.19882932305335999
10405014,0.2282760739326477
10405001,0.2990831434726715
10405002,0.2362632155418396
10405003,0.20638088881969452
10405005,0.1755591481924057
10405004,0.34809988737106323
10405006,0.21034036576747894
10405012,0.14908306300640106
10405017,0.17056654393672943
10405013,0.17343051731586456
10405016,0.3182111382484436
10405015,0.2095184028148651
10405021,0.2080518752336502
10405008,0.1946779042482376
10405007,0.14096271991729736
10405009,0.13208799064159393
10405020,0.20891495048999786
10405019,0.16994668543338776
10405018,0.17453230917453766
10405011,0.15082255005836487
10405010,0.13821615278720856
10412901,0.2764906883239746
10412903,0.12975086271762848
10412904,0.13685277104377747
10410009,0.1439361572265625
10410001,0.1638392060995102
10410005,0.17632028460502625
10410002,0.14627626538276672
10410004,0.17300862073898315
10410003,0.1672266572713852
10410006,0.1803780198097229
10410011,0.19890014827251434
10410010,0.17935414612293243
10410007,0.14880557358264923
10410008,0.14359328150749207
10406002,0.24578486382961273
10406004,0.17698034644126892
10406003,0.1619461178779602
10406001,0.2164386361837387
10420706,1.800048589706421
10420721,2.0963096618652344
10420717,1.4363051652908325
10420718,2.4419591426849365
10420720,2.567443370819092
10420722,2.4031829833984375
10420723,3.4037256240844727
10420726,0.9056004285812378
10420724,2.914763927459717
10420725,1.2257453203201294
10420716,1.921372413635254
10420719,3.3368258476257324
10420714,3.3100154399871826
10420713,3.1909267902374268
10420715,2.3255412578582764
10420701,1.1851832866668701
10420702,1.753832459449768
10420711,3.6741132736206055
10420708,3.8500773906707764
10420712,3.518357992172241
10420710,3.7426745891571045
10420703,2.15384578704834
10420709,3.5506081581115723
10420704,2.5619029998779297
10420707,3.832927703857422
10420705,2.408789873123169
10308006,0.17813965678215027
10308005,0.16881458461284637
10306016,0.18470558524131775
10306015,0.16858506202697754
10306014,0.14068792760372162
10306013,0.15086357295513153
10306011,0.19467830657958984
10306010,0.15587489306926727
10306009,0.16263458132743835
10306008,0.15372498333454132
10306004,0.16914081573486328
10306003,0.17744341492652893
10306001,0.36685699224472046
10306005,0.16371235251426697
10306006,0.14696314930915833
10306007,0.15285462141036987
10320701,0.507804811000824
10320702,0.45266255736351013
10320703,1.3094149827957153
10320717,1.3756294250488281
10320718,1.579973578453064
10320716,2.521960735321045
10320715,2.6073431968688965
10320704,1.7243880033493042
10320714,2.391817331314087
10320712,0.9555290937423706
10320713,1.5146175622940063
10320705,0.796040415763855
10204807,0.3337675929069519
10312016,0.16065853834152222
10312006,0.16084158420562744
10312005,0.26080799102783203
10312004,0.2219124436378479
10308003,0.16541382670402527
10308018,0.16432809829711914
10308001,0.16793251037597656
10308004,0.16188903152942657
10308007,0.18699517846107483
10308002,0.15801894664764404
10308014,0.4717830717563629
10308015,0.4346672296524048
10306002,0.19529706239700317
10306018,0.13785570859909058
10306022,0.217267245054245
10306020,0.17290285229682922
10306017,0.14125590026378632
10306012,0.15910358726978302
10320706,0.4858834445476532
10320710,1.0349948406219482
10320711,1.0775738954544067
10320709,1.2340439558029175
10320707,0.4404647648334503
10320708,0.9604775309562683
10120702,1.1733548641204834
10120701,1.1497368812561035
10120706,1.1689376831054688
10120707,1.3424969911575317
10120708,1.4127382040023804
10120717,2.2500669956207275
10120715,3.9354655742645264
10120714,4.239152431488037
10120713,3.9579803943634033
10120712,2.3585386276245117
10108008,0.1287832111120224
10411001,0.15812714397907257
10301901,0.24297812581062317
10404014,0.19145749509334564
10502903,0.4068976044654846
10502902,0.13785472512245178
10502901,0.13983801007270813
10503904,0.13583576679229736
10503903,0.13582761585712433
10103902,0.14853468537330627
10103901,0.15321201086044312
10106902,0.1287347972393036
10107902,0.1264657825231552
10105901,0.15392395853996277
10104901,0.15708373486995697
10110901,0.1931328922510147
10108901,0.12574359774589539
10206901,0.1932743638753891
10203901,0.17576263844966888
10312901,0.20257078111171722
10312055,0.14990824460983276
10309001,0.14550884068012238
10310801,0.2534331977367401
10102034,0.138291135430336
10102901,0.13586148619651794
10102003,0.1456858366727829
10102009,0.13965970277786255
10102010,0.14166264235973358
10102001,0.14752748608589172
10102002,0.15055446326732635
10102004,0.13861815631389618
10102005,0.13711769878864288
10102007,0.14336048066616058
10102008,0.1443251371383667
10102017,0.13994963467121124
10102006,0.14811918139457703
10102018,0.1386539787054062
10102015,0.1376572996377945
10102016,0.13826148211956024
10102014,0.14101633429527283
10102013,0.1483856588602066
10102011,0.14541344344615936
10102012,0.13832473754882812
10102022,0.14022400975227356
10102020,0.14083650708198547
10102024,0.13550445437431335
10102039,0.13559669256210327
10102033,0.14078828692436218
10102032,0.13921713829040527
10102023,0.1340017169713974
10102025,0.13872067630290985
10102027,0.1455991268157959
10102026,0.14557799696922302
10102037,0.13190694153308868
10102029,0.12692704796791077
10102028,0.13707447052001953
10102038,0.1370537281036377
10102031,0.13860422372817993
10102030,0.1404583603143692
10102035,0.13694491982460022
10102036,0.13877224922180176
10102019,0.1369330734014511
10102021,0.14830546081066132
10101005,0.17769891023635864
10101006,0.20127655565738678
10101024,0.34412071108818054
10101025,0.15284284949302673
10101030,0.18635226786136627
10101027,0.23942239582538605
10101012,0.15295161306858063
10101001,0.1409406065940857
10101003,0.13382908701896667
10101009,0.14864157140254974
10101004,0.14816021919250488
10101007,0.40499258041381836
10101008,0.45117661356925964
10101018,0.19970883429050446
10101019,0.3231014013290405
10101002,0.14016492664813995
10101010,0.14471428096294403
10101011,0.14659661054611206
10101015,0.19659800827503204
10101014,0.1494729369878769
10101020,0.7993367314338684
10101017,0.2046278715133667
10101016,0.22205954790115356
10101022,1.9257744550704956
10101021,2.3046016693115234
10101028,0.1392686665058136
10101029,0.14216716587543488
10101026,0.15595115721225739
10101031,0.15360334515571594
10101901,0.13620853424072266
10101023,0.9476563334465027
10101013,0.14637485146522522
10101032,0.1908721625804901
10101033,0.15556307137012482
10101045,0.13552726805210114
10101049,0.1366031914949417
10101037,0.15670666098594666
10101064,0.13001129031181335
10101065,0.1313440352678299
10101069,0.13325223326683044
10101075,0.13403309881687164
10101073,0.13068781793117523
10101058,0.151628777384758
10101042,0.14346635341644287
10101050,0.13143646717071533
10101052,0.1239652931690216
10101063,0.1302918940782547
10101048,0.143483504652977
10101047,0.1378389596939087
10101046,0.14020298421382904
10101055,0.14343182742595673
10101054,0.1459716409444809
10101044,0.13296042382717133
10101057,0.14603585004806519
10101056,0.1368720829486847
10101053,0.12409667670726776
10101061,0.12813302874565125
10101060,0.13733401894569397
10101071,0.12987256050109863
10101070,0.13467183709144592
10101067,0.1751781702041626
10101068,0.1513364315032959
10101074,0.1429731547832489
10101059,0.14225411415100098
10101072,0.1283957064151764
10101043,0.14113210141658783
10101039,0.12966090440750122
10101040,0.13600192964076996
10101041,0.13807657361030579
10101034,0.18887962400913239
10101035,0.14567811787128448
10101036,0.21067802608013153
10101038,0.1438213437795639
10101051,0.15851829946041107
10101062,0.13287681341171265
10101066,0.13317403197288513
10715002,4.571686267852783
10715018,5.527009010314941
10715016,5.106642723083496
10715014,5.110026836395264
10715015,3.841904640197754
10715001,3.8335862159729004
10715013,5.167260646820068
10715012,5.133199214935303
10715017,5.354120254516602
10715008,5.506655216217041
10715009,5.308030605316162
10715011,5.527101516723633
10715010,5.311470031738281
10715004,4.6263108253479
10715005,4.553501605987549
10715007,5.047454357147217
10715003,5.015665054321289
10715006,4.8014607429504395
10714010,4.301093101501465
10714009,3.217806339263916
10714008,4.89453649520874
10714007,5.131927967071533
10714001,0.899351179599762
10714003,3.1229918003082275
10714002,2.252450466156006
10714006,4.4926323890686035
10714005,4.316099166870117
10714004,4.065256118774414
10713003,0.24456451833248138
10713009,1.4290492534637451
10713010,0.4923597276210785
10713011,0.48489511013031006
10713008,2.4911093711853027
10713007,0.8902510404586792
10713006,0.3632667362689972
10713001,0.3430453836917877
10713005,0.8906863331794739
10713002,0.3969729244709015
10713004,1.5003560781478882
10712001,6.182334899902344
10712002,6.221157073974609
10712004,6.071321964263916
10712003,6.047510147094727
10712005,5.628386497497559
10712007,5.6609673500061035
10712008,4.919614791870117
10712006,5.743667125701904
10709001,4.0501933097839355
10709005,5.138400077819824
10709006,5.626219749450684
10709018,5.807440280914307
10709019,5.697764873504639
10709026,3.563505172729492
10709020,5.403397560119629
10709025,5.19351053237915
10709024,5.5469651222229
10709021,5.797721862792969
10709022,5.874997138977051
10709023,5.745328426361084
10709015,6.009237766265869
10709014,5.8429341316223145
10709016,6.086780071258545
10709017,6.0214972496032715
10709010,6.359564304351807
10709008,5.758858680725098
10709011,6.135464668273926
10709013,6.107259273529053
10709012,6.068821907043457
10710005,3.0649213790893555
10710004,3.146134853363037
10710003,1.6991101503372192
10710002,1.2456446886062622
10710001,0.523388683795929
10710006,4.391739368438721
10710007,4.774380683898926
10710011,5.265491485595703
10710012,4.342851638793945
10710009,2.350048542022705
10710008,3.0621132850646973
10710010,4.472465991973877
10710017,2.8282997608184814
10710018,0.9828072786331177
10710015,4.381751537322998
10710014,4.687309265136719
10710016,3.265714406967163
10710020,1.4425597190856934
10710025,0.3845048248767853
10710021,2.5220580101013184
10710022,2.331167697906494
10710023,0.8600991368293762
10709004,4.028539180755615
10709003,5.396329402923584
10709002,5.248656749725342
10709009,5.942373275756836
10709007,6.011901378631592
10711010,0.49563103914260864
10708019,0.46890345215797424
10708001,7.174455165863037
10708003,5.011989593505859
10708004,5.289322853088379
10708002,4.27039909362793
10708014,5.79248046875
10708015,2.2737600803375244
10708016,2.2703089714050293
10708017,1.5634043216705322
10708008,3.3692643642425537
10708005,4.637244701385498
10708006,5.036504745483398
10708012,4.984232425689697
10708013,4.366198539733887
10708010,2.5558249950408936
10708007,4.063825607299805
10708011,3.417027235031128
10708009,0.8398509621620178
10708018,0.776526689529419
10708020,0.7038028836250305
10711001,3.5699918270111084
10711003,3.217670440673828
10711002,1.5160934925079346
10711004,2.904003143310547
10711005,1.92072331905365
10711006,0.693776547908783
10711008,1.5697354078292847
10711007,0.5993242263793945
10711011,0.539732813835144
10711009,0.8499809503555298
10707020,5.842339515686035
10707026,3.3714935779571533
10707024,3.0085513591766357
10707025,2.042107582092285
10707017,5.311204433441162
10707014,5.190950870513916
10707018,5.57024621963501
10707016,5.9695143699646
10707015,2.530522346496582
10707002,3.5832056999206543
10707013,4.975291728973389
10707003,7.162288188934326
10707001,1.687795639038086
10707005,3.1417510509490967
10707004,3.802851915359497
10707012,4.43992805480957
10707011,5.277119159698486
10707010,4.327293395996094
10707009,4.694417953491211
10707006,3.4469940662384033
10707007,4.61346435546875
10707008,5.106582164764404
10707021,5.432877063751221
10707022,4.511606693267822
10707023,3.892761707305908
10707019,6.199796676635742
10706004,3.3702306747436523
10706007,2.212888240814209
10706005,4.349494457244873
10706006,3.399552345275879
10706003,4.6772260665893555
10706001,5.228568077087402
10706002,5.409422397613525
10705003,6.157825946807861
10705002,8.82724380493164
10705001,7.776654243469238
10705006,1.5751930475234985
10705005,2.5814085006713867
10705004,4.725366592407227
10704008,5.008569717407227
10704011,5.661862850189209
10704010,6.234610557556152
10704004,5.671121597290039
10704005,5.7082366943359375
10704006,5.631828784942627
10704003,5.112555980682373
10704002,5.171145439147949
10704001,4.305842876434326
10704007,5.337025165557861
10704009,5.432291507720947
10701001,5.986532211303711
10702001,3.3389780521392822
10702002,5.498574256896973
10702004,6.3387298583984375
10702003,6.29080057144165
10702005,7.154277324676514
10702006,6.848124027252197
10702008,8.214890480041504
10702007,6.995016574859619
10702009,7.642444610595703
10702010,6.921266078948975
10701007,8.27592945098877
10701006,7.310558795928955
10701005,7.1117730140686035
10701003,7.204103946685791
10701002,7.0802130699157715
10701004,6.6390814781188965
10703001,4.57651948928833
10703009,8.03209114074707
10703006,8.468404769897461
10703005,8.473634719848633
10703004,5.438294887542725
10703003,6.266328811645508
10703002,5.38625431060791
10703008,8.779115676879883
10703007,8.701021194458008
10710013,4.319088459014893
10710024,0.2811056673526764
10710019,0.4246925115585327
10101902,0.1342490315437317
10512901,0.14158330857753754
10503902,0.13657307624816895
