EA_CODE,pop
10507801,1068.7786865234375
10507072,695.80133056640625
10507010,938.1138916015625
10507001,749.69598388671875
10507009,597.54315185546875
10507033,474.3934020996094
10507032,536.22705078125
10507002,865.8890380859375
10507003,914.38604736328125
10507008,977.23486328125
10507006,760.25946044921875
10507007,643.021728515625
10507012,1063.18115234375
10507030,1263.010498046875
10507031,725.947998046875
10507034,717.1319580078125
10507029,625.308349609375
10507086,593.74884033203125
10507049,976.045654296875
10507078,1122.47998046875
10507083,805.65704345703125
10507080,561.46282958984375
10507079,1029.50048828125
10507085,843.42315673828125
10507084,569.6904296875
10507081,860.0972900390625
10507082,561.99884033203125
10507022,952.74652099609375
10507013,496.2579345703125
10507024,1023.673095703125
10507014,411.7719421386719
10507023,625.9683837890625
10507005,515.8397216796875
10507004,563.6287841796875
10507015,805.036376953125
10507019,1273.634033203125
10507016,871.62921142578125
10507027,966.24188232421875
10507036,1036.32666015625
10507017,423.11077880859375
10507020,667.2109375
10507045,806.93280029296875
10507041,1055.4697265625
10507035,634.53350830078125
10507025,526.61767578125
10507026,510.52435302734375
10507011,1390.3526611328125
10507028,658.05841064453125
10507038,908.44207763671875
10507040,930.969970703125
10507018,624.92889404296875
10507046,897.72076416015625
10507047,740.43603515625
10507048,747.2957763671875
10507077,937.552490234375
10507021,783.32684326171875
10507067,1338.5665283203125
10507075,830.928466796875
10507076,1239.8345947265625
10507055,659.8116455078125
10507044,575.0206298828125
10507063,868.34796142578125
10507042,723.60321044921875
10507050,866.893798828125
10507043,891.2119140625
10507054,483.1582336425781
10507802,1028.5206298828125
10507062,795.35723876953125
10507051,596.1436767578125
10507053,1094.238037109375
10507052,899.85107421875
10507039,614.61260986328125
10507056,1020.34716796875
10507057,521.73248291015625
10507058,605.646728515625
10507060,470.5706481933594
10507059,735.0615234375
10507061,443.52618408203125
10507066,620.53253173828125
10507068,689.7088623046875
10507064,1011.0263671875
10507065,688.92987060546875
10507070,1964.829833984375
10507088,906.3082275390625
10507087,1039.966552734375
10507073,1073.823974609375
10507069,1001.9620361328125
10507074,831.1317138671875
10507071,900.0050048828125
10507092,1230.6317138671875
10507093,1104.568603515625
10507094,857.444580078125
10507090,623.466064453125
10507089,859.60614013671875
10507091,859.5611572265625
10507037,503.1724548339844
10511802,2099.277099609375
10511010,1002.123291015625
10511015,758.13134765625
10511901,688.5355224609375
10511011,958.62066650390625
10511012,665.477783203125
10511014,459.88897705078125
10511013,496.4808044433594
10511006,902.7840576171875
10511007,980.74737548828125
10511005,2239.958740234375
10511001,1159.2125244140625
10511003,690.194580078125
10511004,938.848876953125
10511002,1307.0526123046875
10511008,650.11614990234375
10511009,378.6696472167969
10511801,1215.9788818359375
10510001,1247.35595703125
10510801,1388.8768310546875
10510049,1235.9012451171875
10510048,738.89453125
10510047,1447.4024658203125
10510046,1139.5665283203125
10510019,1194.0875244140625
10510043,1036.944091796875
10510044,1125.2425537109375
10510033,829.37664794921875
10510032,944.93817138671875
10510028,1101.875732421875
10510036,638.19842529296875
10510035,890.3731689453125
10510034,927.93280029296875
10510045,543.7608642578125
10510042,871.69873046875
10510037,506.9405212402344
10510038,912.4525146484375
10510041,573.8363037109375
10510020,773.58465576171875
10510039,1450.91455078125
10510040,572.240478515625
10510031,946.326171875
10510029,676.77191162109375
10510030,789.11309814453125
10510027,889.8076171875
10510021,1101.3572998046875
10510026,773.2755126953125
10510023,769.0416259765625
10510025,768.7618408203125
10510024,329.6123046875
10510017,700.271484375
10510016,534.26434326171875
10510015,1320.3687744140625
10510014,1064.76025390625
10510012,964.048828125
10510013,855.82061767578125
10510011,600.85986328125
10510004,613.518310546875
10510005,522.98162841796875
10510006,693.13751220703125
10510010,1134.580810546875
10510008,1731.860595703125
10510007,830.48175048828125
10510003,653.97650146484375
10510002,774.5557861328125
10510802,2184.69921875
10510806,885.3824462890625
10510805,630.5672607421875
10510804,457.0779724121094
10510803,731.576904296875
10510018,1288.0489501953125
10510022,1047.50537109375
10506906,574.3924560546875
10506801,528.7401123046875
10506913,7.501586437225342
10506901,826.782470703125
10506014,915.618896484375
10506912,300.9227294921875
10506908,876.00604248046875
10506911,696.26434326171875
10506905,1215.1763916015625
10506904,361.72967529296875
10506902,317.0992736816406
10506903,62.93461227416992
10506907,162.71127319335938
10506910,477.7315673828125
10506909,726.5535888671875
10506001,572.3079833984375
10506007,445.8581237792969
10506013,665.56500244140625
10506012,694.3104248046875
10506011,642.416748046875
10506002,705.27825927734375
10506003,940.74237060546875
10506004,763.482666015625
10506006,1104.08544921875
10506005,750.33453369140625
10506022,321.0718994140625
10506021,317.19781494140625
10506023,342.25146484375
10506024,270.6343688964844
10506025,222.0592498779297
10506026,551.36968994140625
10506027,657.06890869140625
10506028,522.42926025390625
10506020,957.54571533203125
10506019,460.5247802734375
10506018,1312.9698486328125
10506008,911.1158447265625
10506009,1040.4647216796875
10506010,557.10986328125
10506015,736.07269287109375
10506016,1066.0775146484375
10506017,786.13525390625
10506035,1046.0386962890625
10506029,1596.0042724609375
10506030,889.5308837890625
10506034,673.93603515625
10506047,248.8250732421875
10506046,514.1907958984375
10506045,482.6986389160156
10506048,615.78607177734375
10506049,574.71295166015625
10506080,737.63641357421875
10506081,809.1514892578125
10506083,556.140380859375
10506082,703.128173828125
10506084,905.84783935546875
10506112,552.46600341796875
10506113,812.98236083984375
10506079,1164.1219482421875
10506085,1067.663330078125
10506087,1030.4249267578125
10506088,723.47222900390625
10506031,544.599853515625
10506111,733.470703125
10506114,785.5435791015625
10506110,1090.5228271484375
10506086,933.7249755859375
10506115,991.0889892578125
10506118,579.321533203125
10506116,898.8642578125
10506117,1066.62646484375
10506109,355.2400817871094
10506104,893.8529052734375
10506036,840.44781494140625
10506044,548.12127685546875
10506090,704.34075927734375
10506105,513.5303955078125
10506108,1203.1279296875
10506106,816.34832763671875
10506107,594.99053955078125
10506103,909.92462158203125
10506097,124.8569564819336
10506098,134.68582153320312
10506100,505.7355041503906
10506099,580.9591064453125
10506096,913.30682373046875
10506101,1922.187744140625
10506102,2064.144775390625
10506061,535.38653564453125
10506062,1273.1695556640625
10506095,1402.623291015625
10506039,934.001220703125
10506041,1056.6083984375
10506042,1742.349365234375
10506038,1089.373046875
10506037,1069.9915771484375
10506032,980.2509765625
10506033,788.63677978515625
10506051,1288.9779052734375
10506052,507.00384521484375
10506078,870.56256103515625
10506050,651.8406982421875
10506043,635.35406494140625
10506055,724.15325927734375
10506059,730.26397705078125
10506040,1049.9639892578125
10506056,427.1540832519531
10506057,985.54425048828125
10506058,511.31549072265625
10506077,1317.0880126953125
10506076,666.34674072265625
10506089,639.36724853515625
10506075,643.15380859375
10506074,470.81158447265625
10506053,657.06671142578125
10506054,580.52777099609375
10506072,425.3614807128906
10506073,566.94732666015625
10506071,916.91912841796875
10506091,368.5471496582031
10506092,469.1726379394531
10506068,577.29766845703125
10506069,743.249755859375
10506070,876.0050048828125
10506060,1304.467529296875
10506066,749.31585693359375
10506067,828.23046875
10506065,938.60040283203125
10506093,1571.162109375
10506064,654.14080810546875
10506094,1545.0294189453125
10506063,1128.8123779296875
10502803,271.89825439453125
10502802,1215.706298828125
10502822,681.8272705078125
10502016,1304.0423583984375
10502010,1086.3804931640625
10502012,1298.3748779296875
10502054,507.2142639160156
10502057,957.86566162109375
10502813,1229.3917236328125
10502814,729.3070068359375
10502816,445.60894775390625
10502817,483.5855407714844
10502819,852.20166015625
10502815,932.29376220703125
10502818,577.00537109375
10502820,677.74725341796875
10502806,223.00494384765625
10502807,380.4764709472656
10502805,928.73577880859375
10502808,1453.2545166015625
10502809,905.25921630859375
10502810,1635.352294921875
10502812,1242.4224853515625
10502811,623.4130859375
10502804,661.77606201171875
10502821,663.3187255859375
10502801,559.75775146484375
10502027,608.494873046875
10502048,1266.7415771484375
10502201,560.39202880859375
10502168,1069.639404296875
10502218,692.73468017578125
10502119,1067.871337890625
10502198,840.91162109375
10502193,972.56988525390625
10502190,614.30572509765625
10502182,1177.414794921875
10502105,686.1287841796875
10502115,466.1703186035156
10502091,536.46209716796875
10502087,620.26763916015625
10502029,278.4367980957031
10502028,507.29046630859375
10502272,1355.0633544921875
10502264,575.59808349609375
10502267,636.519287109375
10502244,499.2518005371094
10502154,517.06109619140625
10502155,699.01373291015625
10502156,401.7400207519531
10502158,264.18792724609375
10502157,365.0987854003906
10502159,349.14117431640625
10502238,876.638427734375
10502255,671.052490234375
10502254,764.62847900390625
10502256,392.5498352050781
10502257,1024.8974609375
10502252,495.4390563964844
10502259,504.5744934082031
10502258,689.85479736328125
10502260,982.71099853515625
10502261,1549.7325439453125
10502262,1421.2020263671875
10502263,871.03173828125
10502265,556.9622802734375
10502249,925.2825927734375
10502266,319.78204345703125
10502271,1078.2164306640625
10502268,1493.1893310546875
10502269,897.3880615234375
10502270,691.95623779296875
10502248,874.6883544921875
10502247,555.36810302734375
10502246,566.592529296875
10502245,424.1641540527344
10502230,404.8816833496094
10502231,632.0560302734375
10502250,837.844970703125
10502243,796.92864990234375
10502251,931.3375244140625
10502233,383.049072265625
10502232,644.60357666015625
10502242,447.5726623535156
10502240,519.93609619140625
10502253,375.9072265625
10502239,999.60565185546875
10502241,836.4681396484375
10502237,322.5506591796875
10502160,354.0924072265625
10502234,401.61383056640625
10502235,596.99627685546875
10502236,549.82720947265625
10502224,1124.7060546875
10502223,2176.14990234375
10502164,1010.1932983398438
10502163,586.59576416015625
10502166,818.045654296875
10502165,728.07537841796875
10502162,890.029052734375
10502161,451.770751953125
10502132,757.471435546875
10502148,613.128173828125
10502150,308.6871032714844
10502149,590.06585693359375
10502152,605.92462158203125
10502153,1175.6265869140625
10502173,501.5290222167969
10502121,913.5860595703125
10502170,660.39752197265625
10502169,999.49017333984375
10502177,1083.484130859375
10502175,414.9224853515625
10502176,561.1143798828125
10502120,749.15545654296875
10502118,1376.630126953125
10502085,524.06268310546875
10502079,534.24224853515625
10502078,497.8121643066406
10502050,949.14227294921875
10502083,1150.5096435546875
10502080,854.17401123046875
10502051,1095.4591064453125
10502074,1070.11181640625
10502082,679.5704345703125
10502081,645.22027587890625
10502052,1673.3958740234375
10502015,1209.7669677734375
10502055,1125.56591796875
10502013,505.86920166015625
10502014,645.6712646484375
10502011,850.8739013671875
10502004,1367.873779296875
10502073,540.6690673828125
10502056,509.23895263671875
10502053,892.336669921875
10502007,698.10858154296875
10502058,818.09503173828125
10502006,929.76788330078125
10502005,734.17138671875
10502009,425.05841064453125
10502008,903.34075927734375
10502049,1291.8131103515625
10502017,774.6715087890625
10502018,717.35247802734375
10502047,691.30487060546875
10502194,762.106689453125
10502191,577.44775390625
10502188,846.05352783203125
10502192,628.10015869140625
10502103,750.0023193359375
10502181,743.10626220703125
10502186,947.4189453125
10502187,962.49822998046875
10502195,305.73114013671875
10502196,494.75848388671875
10502199,391.30609130859375
10502200,540.27777099609375
10502197,443.9540100097656
10502217,410.6593933105469
10502202,822.87945556640625
10502203,411.3242492675781
10502097,552.03363037109375
10502098,437.9263000488281
10502101,418.426025390625
10502100,329.6751708984375
10502172,979.66412353515625
10502167,1062.476806640625
10502174,1067.7352294921875
10502216,827.591552734375
10502204,707.27203369140625
10502214,543.7862548828125
10502215,486.7602844238281
10502213,897.11181640625
10502205,594.5584716796875
10502207,473.14227294921875
10502206,538.6602783203125
10502211,986.30810546875
10502209,1074.1729736328125
10502210,678.43231201171875
10502208,783.37060546875
10502171,456.8045349121094
10502180,555.80560302734375
10502179,324.2366943359375
10502183,341.7066345214844
10502184,885.32476806640625
10502099,501.04833984375
10502102,461.3574523925781
10502108,321.75299072265625
10502107,329.0903015136719
10502185,655.23162841796875
10502106,374.7048645019531
10502104,645.44818115234375
10502109,424.1095275878906
10502110,654.57275390625
10502178,373.8989562988281
10502112,319.85003662109375
10502111,683.4527587890625
10502113,579.19085693359375
10502117,719.69512939453125
10502116,443.96685791015625
10502114,644.93994140625
10502089,483.1761169433594
10502096,516.6195068359375
10502095,285.67181396484375
10502093,361.95880126953125
10502094,657.27191162109375
10502092,689.6180419921875
10502090,682.9915771484375
10502086,982.17535400390625
10502088,555.18212890625
10502035,367.6065368652344
10502032,601.0478515625
10502033,269.47015380859375
10502084,795.8736572265625
10502036,511.2043151855469
10502031,503.4341125488281
10502030,459.1679992675781
10502039,950.662841796875
10502040,1075.496826171875
10502019,1069.3480224609375
10502020,590.69927978515625
10502034,447.5052185058594
10502026,445.97796630859375
10502044,1657.240966796875
10502045,472.3442077636719
10502046,881.88720703125
10502041,735.5677490234375
10502043,968.3472900390625
10502042,748.65960693359375
10502024,898.2156982421875
10502023,463.5330810546875
10502021,936.378662109375
10502022,474.296630859375
10502025,685.2137451171875
10502141,547.41015625
10502151,593.79736328125
10502146,626.43927001953125
10502142,917.808349609375
10502145,561.60296630859375
10502147,830.20562744140625
10502001,804.97943115234375
10502003,1171.17724609375
10502002,1233.9344482421875
10502059,473.7817687988281
10502061,600.12005615234375
10502060,1055.9027099609375
10502063,722.603271484375
10502130,681.87548828125
10502131,971.65411376953125
10502127,573.298828125
10502124,612.05517578125
10502071,762.33795166015625
10502126,342.5104064941406
10502070,723.676025390625
10502069,646.8336181640625
10502072,1099.6190185546875
10502068,1204.1226806640625
10502129,453.0344543457031
10502128,507.0552673339844
10502122,734.41693115234375
10502123,1043.5390625
10502076,763.74169921875
10502077,642.64044189453125
10502075,662.3612060546875
10502133,405.7914733886719
10502134,380.5921630859375
10502125,590.3333740234375
10502062,1207.3475341796875
10502067,670.61126708984375
10502066,911.17901611328125
10502064,317.2344055175781
10502065,495.5032043457031
10502136,436.71392822265625
10502143,650.7667236328125
10502135,239.1076202392578
10502138,367.6363220214844
10502137,253.84573364257812
10502144,421.1936340332031
10502139,545.803466796875
10502140,753.84564208984375
10502038,1002.30126953125
10502037,971.32427978515625
10502222,601.572021484375
10502212,908.15716552734375
10502221,886.02032470703125
10502226,459.45086669921875
10502225,563.5855712890625
10502228,447.56451416015625
10502229,466.57952880859375
10502220,307.69305419921875
10502219,560.08349609375
10502227,623.10626220703125
10509802,1252.7589111328125
10509001,301.988525390625
10509079,819.7242431640625
10509078,1048.7083740234375
10509077,324.27685546875
10509075,278.9952392578125
10509074,604.5465087890625
10509080,324.2208251953125
10509076,434.2490539550781
10509073,712.56842041015625
10509070,470.8146057128906
10509072,619.06207275390625
10509071,762.7119140625
10509069,434.71307373046875
10509067,798.1556396484375
10509066,351.97625732421875
10509063,628.73828125
10509062,225.20811462402344
10509061,280.9471740722656
10509060,330.1904602050781
10509064,373.3216247558594
10509065,515.696533203125
10509058,384.9622802734375
10509059,323.4374084472656
10509081,380.1484069824219
10509082,272.26531982421875
10509083,348.3494567871094
10509119,318.7548522949219
10509118,237.3663330078125
10509121,182.55776977539062
10509120,368.2703552246094
10509117,208.14993286132812
10509085,494.7303771972656
10509084,330.6138610839844
10509088,244.64097595214844
10509086,246.86488342285156
10509087,229.56845092773438
10509123,240.01556396484375
10509116,829.97784423828125
10509122,243.67628479003906
10509124,173.42066955566406
10509125,170.733154296875
10509126,142.06944274902344
10509128,174.5360870361328
10509152,206.0730438232422
10509151,150.78746032714844
10509145,276.0865173339844
10509150,294.0363464355469
10509148,288.486328125
10509149,403.1284484863281
10509147,354.6093444824219
10509127,222.70852661132812
10509129,128.18202209472656
10509131,185.1398162841797
10509130,220.8187255859375
10509132,237.81289672851562
10509115,578.4400634765625
10509114,524.2718505859375
10509089,218.95538330078125
10509090,197.51898193359375
10509068,464.5765075683594
10509054,426.4493713378906
10509053,411.7910461425781
10509052,277.36065673828125
10509050,651.495361328125
10509055,389.9222412109375
10509056,581.08026123046875
10509057,409.18023681640625
10509049,668.28466796875
10509094,563.53167724609375
10509093,339.7667236328125
10509048,356.090576171875
10509051,270.609130859375
10509091,232.25791931152344
10509095,359.615234375
10509092,502.9293518066406
10509144,315.485595703125
10509143,482.147216796875
10509146,227.48973083496094
10509134,322.5638732910156
10509133,397.13299560546875
10509111,562.1304931640625
10509112,297.49749755859375
10509110,920.69769287109375
10509108,511.88690185546875
10509107,359.0296325683594
10509136,438.4315185546875
10509137,395.5592041015625
10509142,356.6031494140625
10509141,573.314697265625
10509140,469.78765869140625
10509139,366.021240234375
10509138,534.23126220703125
10509106,543.7679443359375
10509109,621.66448974609375
10509105,725.511962890625
10509104,600.79962158203125
10509103,499.8547668457031
10509101,854.48809814453125
10509100,791.50250244140625
10509031,804.2069091796875
10509102,780.3656005859375
10509097,392.3627014160156
10509098,459.31793212890625
10509096,313.693115234375
10509099,601.388427734375
10509034,480.5321960449219
10509033,1149.980712890625
10509032,611.0684814453125
10509030,148.68006896972656
10509029,145.16525268554688
10509027,224.03831481933594
10509028,233.5035400390625
10509009,108.33417510986328
10509047,359.1579284667969
10509046,417.55364990234375
10509045,244.59805297851562
10509044,321.9311828613281
10509043,518.5015869140625
10509040,478.8149108886719
10509039,502.7889099121094
10509038,203.68438720703125
10509041,478.1645812988281
10509037,265.84539794921875
10509036,215.47308349609375
10509035,383.56976318359375
10509023,263.3161926269531
10509020,368.8396301269531
10509022,613.649169921875
10509014,594.78369140625
10509018,300.6337890625
10509019,448.7868347167969
10509017,397.50726318359375
10509021,591.92205810546875
10509016,401.33282470703125
10509024,500.0428771972656
10509026,248.59730529785156
10509025,285.54705810546875
10509015,321.9159240722656
10509013,403.015625
10509011,347.6871337890625
10509012,676.69879150390625
10509007,686.27520751953125
10509006,552.28363037109375
10509005,699.87744140625
10509004,239.38197326660156
10509003,390.56231689453125
10509002,286.8304443359375
10509801,1116.4571533203125
10509803,211.79457092285156
10509804,553.97802734375
10509805,1130.586669921875
10509042,345.63287353515625
10509008,489.25537109375
10509010,199.0591583251953
10509135,380.2165222167969
10509113,518.58856201171875
10501164,943.43609619140625
10501802,660.05950927734375
10501009,513.22149658203125
10501051,2287.260009765625
10501050,683.02679443359375
10501049,1032.5751953125
10501053,918.23114013671875
10501052,894.95416259765625
10501048,541.03466796875
10501047,1002.868896484375
10501046,830.11279296875
10501045,842.533935546875
10501054,1310.27734375
10501058,738.28802490234375
10501055,965.877197265625
10501056,935.31011962890625
10501057,1359.42431640625
10501043,624.558349609375
10501044,1113.0079345703125
10501042,822.02215576171875
10501001,870.36773681640625
10501007,542.24285888671875
10501008,413.0334167480469
10501010,1364.134033203125
10501003,992.12457275390625
10501025,1893.4471435546875
10501021,1513.2744140625
10501002,1100.874755859375
10501004,1231.8824462890625
10501006,1399.2947998046875
10501012,828.20648193359375
10501013,1577.5699462890625
10501022,682.1923828125
10501023,518.32073974609375
10501024,786.39312744140625
10501017,1236.521728515625
10501097,1737.0787353515625
10501085,1540.4281005859375
10501145,1266.4608154296875
10501138,1034.532470703125
10501144,327.2813415527344
10501155,599.18310546875
10501171,826.993408203125
10501129,914.119384765625
10501157,750.63824462890625
10501161,875.00628662109375
10501121,1686.2640380859375
10501122,1171.6624755859375
10501167,836.8118896484375
10501078,1681.7017822265625
10501108,1365.0162353515625
10501106,1257.349365234375
10501019,845.22003173828125
10501005,868.2977294921875
10501020,781.03240966796875
10501014,1087.21044921875
10501016,852.1641845703125
10501018,1430.41748046875
10501061,566.5955810546875
10501060,874.76165771484375
10501105,691.73883056640625
10501059,1160.8802490234375
10501103,1406.78173828125
10501107,1089.7965087890625
10501104,968.9210205078125
10501109,919.953369140625
10501067,1058.844970703125
10501110,1357.646240234375
10501111,1365.56689453125
10501101,662.437744140625
10501114,1070.803466796875
10501117,932.3997802734375
10501098,696.63531494140625
10501112,1680.013427734375
10501099,1252.83203125
10501100,780.3599853515625
10501115,1345.533203125
10501095,629.59716796875
10501113,1137.61181640625
10501096,1228.9139404296875
10501118,1184.00341796875
10501119,780.34521484375
10501116,1458.8123779296875
10501041,878.13665771484375
10501011,1348.5609130859375
10501040,747.86328125
10501039,729.8228759765625
10501062,1302.028076171875
10501063,1164.001953125
10501015,855.14483642578125
10501037,1048.8580322265625
10501064,771.8175048828125
10501069,779.80035400390625
10501031,988.11553955078125
10501068,923.05877685546875
10501032,834.447998046875
10501102,655.216796875
10501071,494.7483825683594
10501073,538.25091552734375
10501072,669.042236328125
10501026,732.559814453125
10501027,890.88690185546875
10501036,690.2607421875
10501035,1133.6331787109375
10501033,713.5875244140625
10501070,755.7489013671875
10501028,1009.3617553710938
10501074,656.32244873046875
10501029,1363.6031494140625
10501030,557.43792724609375
10501079,1518.682373046875
10501080,1085.5313720703125
10501075,528.44647216796875
10501076,1415.114990234375
10501094,776.52783203125
10501092,1118.4508056640625
10501093,804.89630126953125
10501091,1418.793212890625
10501089,1148.5516357421875
10501077,1131.3641357421875
10501090,1185.2799072265625
10501084,1971.8883056640625
10501088,533.1353759765625
10501125,1057.8714599609375
10501120,1004.732421875
10501135,898.0712890625
10501136,1234.4765625
10501146,1343.8492431640625
10501801,498.46917724609375
10501803,565.7784423828125
10501126,1446.420654296875
10501127,871.7557373046875
10501137,979.76513671875
10501131,748.67010498046875
10501130,1355.2913818359375
10501124,1676.52783203125
10501128,893.650146484375
10501123,912.9329833984375
10501134,924.0152587890625
10501132,805.951904296875
10501133,798.85693359375
10501140,645.87261962890625
10501141,1054.481201171875
10501142,1742.2181396484375
10501143,1088.0924072265625
10501153,496.227294921875
10501147,1682.8084716796875
10501154,1604.6116943359375
10501156,1229.76904296875
10501158,1747.473388671875
10501160,437.9032287597656
10501159,782.489501953125
10501151,993.89422607421875
10501152,832.66748046875
10501163,1203.8458251953125
10501162,1589.174560546875
10501165,948.78741455078125
10501168,467.3672180175781
10501170,718.7509765625
10501169,842.7930908203125
10501172,966.7607421875
10501087,795.643798828125
10501148,655.58038330078125
10501150,916.99884033203125
10501149,838.0587158203125
10501066,1161.076904296875
10501065,1443.3695068359375
10501034,497.03143310546875
10501038,1164.339111328125
10508903,177.05836486816406
10508078,1418.47412109375
10508901,36.44892883300781
10508902,73.4775619506836
10508001,215.62088012695312
10508002,119.75422668457031
10508003,216.31915283203125
10508006,784.2137451171875
10508007,639.80877685546875
10508008,1106.0703125
10508011,509.4511413574219
10508005,486.0276794433594
10508015,975.10552978515625
10508018,665.06866455078125
10508016,916.9111328125
10508017,422.2044677734375
10508009,643.54071044921875
10508010,446.7032165527344
10508012,556.16900634765625
10508032,741.22979736328125
10508014,1069.9639892578125
10508020,878.942626953125
10508021,794.99884033203125
10508062,650.9102783203125
10508045,938.42425537109375
10508041,701.76751708984375
10508042,721.9853515625
10508044,946.288818359375
10508043,667.6114501953125
10508046,875.824462890625
10508022,1130.20556640625
10508019,795.9451904296875
10508039,431.3959655761719
10508040,745.68511962890625
10508047,673.90960693359375
10508037,319.8495788574219
10508038,596.70684814453125
10508024,1006.4529418945312
10508028,596.30963134765625
10508025,927.19549560546875
10508023,1060.166259765625
10508026,1230.2589111328125
10508034,233.10818481445312
10508033,777.3839111328125
10508035,275.0965576171875
10508036,323.1625671386719
10508027,551.66217041015625
10508029,620.58319091796875
10508030,498.0584716796875
10508031,712.62335205078125
10508013,690.039306640625
10508052,1032.413330078125
10508049,518.78411865234375
10508050,747.40423583984375
10508048,438.6922912597656
10508051,860.1185302734375
10508072,619.9969482421875
10508063,658.20550537109375
10508064,472.7931213378906
10508061,691.8514404296875
10508053,858.0833740234375
10508054,754.7757568359375
10508055,589.03680419921875
10508059,590.9583740234375
10508056,804.05767822265625
10508060,466.07525634765625
10508057,724.20001220703125
10508058,553.61614990234375
10508069,691.1260986328125
10508074,507.3254089355469
10508075,522.54388427734375
10508076,578.1788330078125
10508066,282.97784423828125
10508065,524.21240234375
10508067,435.0325927734375
10508073,482.02508544921875
10508070,576.98748779296875
10508068,623.19488525390625
10508904,606.07098388671875
10508905,435.5778503417969
10508907,260.9979553222656
10508908,355.58984375
10508077,743.3709716796875
10508079,697.8399658203125
10508080,793.24993896484375
10508083,519.26446533203125
10508081,666.949951171875
10508082,498.9123229980469
10508004,549.76171875
10503801,1128.2564697265625
10503905,1459.7763671875
10503906,1227.6751708984375
10503901,880.05029296875
10503086,674.53228759765625
10503089,465.83258056640625
10503088,572.16265869140625
10503097,454.0323791503906
10503092,618.614990234375
10503101,654.19366455078125
10503090,781.3355712890625
10503094,311.2038879394531
10503093,562.19000244140625
10503100,794.9296875
10503099,647.2481689453125
10503098,570.58905029296875
10503095,286.99554443359375
10503008,1294.8690185546875
10503001,437.3346252441406
10503002,836.94854736328125
10503015,505.452880859375
10503005,938.07769775390625
10503007,1242.434326171875
10503004,657.163818359375
10503013,501.3392639160156
10503016,412.68212890625
10503003,768.32733154296875
10503006,570.3426513671875
10503012,654.9368896484375
10503011,954.9085693359375
10503017,922.01336669921875
10503010,856.64154052734375
10503009,512.3341064453125
10503019,608.50384521484375
10503018,658.1605224609375
10503102,600.62286376953125
10503125,401.5625
10503124,321.6676330566406
10503116,201.1636962890625
10503122,546.6806640625
10503123,613.63409423828125
10503115,382.6871643066406
10503085,599.98553466796875
10503091,495.8330383300781
10503080,707.03369140625
10503078,519.5396728515625
10503117,576.08514404296875
10503121,791.76055908203125
10503118,431.68963623046875
10503079,854.35845947265625
10503081,830.5484619140625
10503114,719.09136962890625
10503068,586.891357421875
10503076,1309.543701171875
10503069,543.30010986328125
10503075,337.39361572265625
10503077,822.323486328125
10503103,654.3944091796875
10503104,639.77178955078125
10503105,360.42779541015625
10503119,349.8349304199219
10503113,431.4563293457031
10503120,748.10064697265625
10503109,506.52410888671875
10503110,618.23272705078125
10503112,301.0253601074219
10503111,431.6141662597656
10503108,574.2628173828125
10503106,451.51708984375
10503082,694.73162841796875
10503084,587.72705078125
10503083,679.58441162109375
10503062,598.55230712890625
10503064,850.40447998046875
10503063,746.34783935546875
10503060,589.03375244140625
10503061,1318.8824462890625
10503067,529.3089599609375
10503059,847.73846435546875
10503065,897.943359375
10503066,647.49468994140625
10503107,488.0567626953125
10503073,445.06927490234375
10503074,528.87646484375
10503071,482.9819030761719
10503070,585.5447998046875
10503058,981.61431884765625
10503057,898.271728515625
10503056,473.8002624511719
10503054,308.0518798828125
10503055,225.7100067138672
10503052,1011.118896484375
10503053,610.59979248046875
10503051,1089.6005859375
10503050,601.59814453125
10503044,1385.187744140625
10503046,366.9702453613281
10503047,462.4317626953125
10503049,885.333984375
10503048,781.54656982421875
10503037,1360.7684326171875
10503038,672.22198486328125
10503036,512.73956298828125
10503035,883.7835693359375
10503034,844.0064697265625
10503039,276.4490661621094
10503030,546.71746826171875
10503033,710.346923828125
10503028,494.5645446777344
10503029,627.34771728515625
10503020,797.385009765625
10503032,722.00762939453125
10503021,577.62432861328125
10503031,422.2968444824219
10503040,318.484619140625
10503045,325.1605529785156
10503043,431.5672607421875
10503042,395.04931640625
10503041,560.43536376953125
10503025,259.69287109375
10503024,407.9711608886719
10503027,560.07061767578125
10503023,669.69134521484375
10503022,716.89837646484375
10503026,817.9296875
10503096,495.9405822753906
10503087,952.39697265625
10504009,1492.769775390625
10504802,1378.362060546875
10504801,922.46978759765625
10504001,1584.89990234375
10504010,1288.2901611328125
10504005,788.9495849609375
10504004,983.1182861328125
10504002,1621.448974609375
10504016,1219.486572265625
10504008,1026.3045654296875
10504007,976.47296142578125
10504006,1052.2451171875
10504003,765.232177734375
10504020,419.3938903808594
10504017,1267.278564453125
10504013,975.44091796875
10504015,880.30096435546875
10504011,429.45269775390625
10504014,767.25433349609375
10504012,535.1688232421875
10504021,528.40179443359375
10504019,521.6080322265625
10504018,531.13946533203125
10505801,838.4478759765625
10505808,1168.710693359375
10505231,379.2198486328125
10505272,745.42132568359375
10505236,402.693115234375
10505227,630.2431640625
10505230,547.78155517578125
10505228,283.5550537109375
10505235,392.5299377441406
10505234,375.3202819824219
10505232,660.5802001953125
10505288,691.68597412109375
10505280,919.1072998046875
10505286,438.0675964355469
10505285,614.16766357421875
10505233,778.47113037109375
10505237,726.279296875
10505229,268.3778076171875
10505242,672.878662109375
10505273,695.5845947265625
10505282,1361.0169677734375
10505244,783.0682373046875
10505246,688.60150146484375
10505251,310.91558837890625
10505250,760.145751953125
10505281,1159.2750244140625
10505283,657.39031982421875
10505238,932.421875
10505245,1015.0635986328125
10505284,366.5057373046875
10505240,625.21893310546875
10505239,770.82843017578125
10505241,840.46612548828125
10505243,633.2928466796875
10505287,655.95269775390625
10505291,594.82269287109375
10505290,958.75689697265625
10505289,990.00640869140625
10505276,416.6748352050781
10505278,839.9896240234375
10505279,330.7222595214844
10505277,236.30252075195312
10505255,558.57440185546875
10505247,1018.4573364257812
10505254,619.64007568359375
10505249,705.742431640625
10505248,740.4632568359375
10505211,1322.9365234375
10505264,976.38409423828125
10505263,884.91986083984375
10505262,799.07012939453125
10505261,731.08392333984375
10505260,831.23291015625
10505205,1310.607666015625
10505204,329.7998962402344
10505203,437.5933532714844
10505202,1181.7015380859375
10505199,233.5367889404297
10505200,574.43951416015625
10505201,699.2803955078125
10505198,570.7896728515625
10505196,399.7658386230469
10505197,542.54278564453125
10505126,1479.5804443359375
10505127,915.84912109375
10505128,927.90020751953125
10505129,498.8320007324219
10505130,591.0072021484375
10505131,610.68402099609375
10505125,276.59521484375
10505124,1248.6785888671875
10505123,385.32745361328125
10505119,283.367431640625
10505122,284.9152526855469
10505121,717.952880859375
10505120,1066.1649169921875
10505106,435.0337829589844
10505102,817.17401123046875
10505104,117.50239562988281
10505103,212.26170349121094
10505094,983.3402099609375
10505105,335.1830749511719
10505093,734.4364013671875
10505096,377.12493896484375
10505098,656.2637939453125
10505097,606.97955322265625
10505099,741.77001953125
10505100,686.19293212890625
10505101,491.72332763671875
10505001,595.802978515625
10505006,526.9010009765625
10505003,611.42474365234375
10505002,709.582763671875
10505004,353.8608703613281
10505005,710.85015869140625
10505011,590.4346923828125
10505009,584.97540283203125
10505007,292.6199645996094
10505023,589.8831787109375
10505008,418.4755859375
10505022,626.82122802734375
10505025,392.47314453125
10505024,366.0544738769531
10505021,640.35711669921875
10505010,513.14990234375
10505012,748.3388671875
10505020,1005.0785522460938
10505018,711.30987548828125
10505017,634.7679443359375
10505013,1072.065673828125
10505090,356.7218322753906
10505089,402.8670349121094
10505086,1146.58203125
10505087,664.4769287109375
10505088,535.54449462890625
10505014,1018.793701171875
10505084,1403.98876953125
10505085,714.0235595703125
10505015,694.8740234375
10505019,617.95013427734375
10505016,685.956298828125
10505059,686.0780029296875
10505026,591.0091552734375
10505027,415.81378173828125
10505040,157.5028533935547
10505042,189.58596801757812
10505039,260.5920104980469
10505038,299.4659729003906
10505041,188.99278259277344
10505037,346.4985656738281
10505045,146.62796020507812
10505044,155.34169006347656
10505043,192.70584106445312
10505046,463.4573669433594
10505072,264.2400817871094
10505082,744.89898681640625
10505083,1010.0880737304688
10505080,742.74127197265625
10505081,640.42803955078125
10505071,399.725830078125
10505070,831.52667236328125
10505048,865.966796875
10505036,555.1107177734375
10505035,408.11468505859375
10505029,584.154052734375
10505028,457.1033020019531
10505030,536.4127197265625
10505032,620.30914306640625
10505031,287.1554870605469
10505034,418.4812927246094
10505033,258.1371154785156
10505049,575.0994873046875
10505051,540.4053955078125
10505047,453.333251953125
10505050,817.22393798828125
10505052,543.4525146484375
10505054,753.77423095703125
10505053,800.7918701171875
10505055,400.08013916015625
10505062,530.5770263671875
10505057,180.93301391601562
10505056,283.6174011230469
10505058,673.42095947265625
10505060,498.4764709472656
10505150,658.102783203125
10505079,572.66845703125
10505073,611.444580078125
10505112,665.16693115234375
10505078,899.4632568359375
10505076,405.75445556640625
10505077,547.80596923828125
10505074,464.2955627441406
10505075,402.9729919433594
10505068,417.7153015136719
10505067,349.23675537109375
10505069,751.71856689453125
10505063,533.50567626953125
10505064,396.2087707519531
10505061,963.78643798828125
10505065,557.6236572265625
10505066,478.11004638671875
10505153,636.0458984375
10505154,725.80078125
10505143,843.49102783203125
10505145,837.7611083984375
10505146,452.9674072265625
10505142,830.26947021484375
10505144,705.84368896484375
10505141,411.4381408691406
10505147,310.16986083984375
10505148,640.89422607421875
10505152,948.53411865234375
10505151,681.3126220703125
10505158,939.50653076171875
10505178,602.92633056640625
10505156,462.9375
10505176,420.587646484375
10505177,1044.2191162109375
10505157,377.1065673828125
10505159,1353.1405029296875
10505162,684.09429931640625
10505160,824.51019287109375
10505161,847.0758056640625
10505266,873.66900634765625
10505274,480.38177490234375
10505275,583.8397216796875
10505265,535.725830078125
10505267,690.16705322265625
10505268,1047.4227294921875
10505224,557.62176513671875
10505164,943.08831787109375
10505179,738.12646484375
10505155,524.31793212890625
10505181,393.104736328125
10505167,767.7718505859375
10505166,545.79241943359375
10505168,609.96923828125
10505163,600.61578369140625
10505165,590.59625244140625
10505171,554.5989990234375
10505169,781.78936767578125
10505172,939.3890380859375
10505170,634.519287109375
10505226,659.51226806640625
10505175,681.66619873046875
10505173,1031.685791015625
10505225,491.6015625
10505174,713.1287841796875
10505116,1584.873046875
10505113,685.5343017578125
10505139,380.7095031738281
10505092,1046.9144287109375
10505107,260.9143981933594
10505091,506.46319580078125
10505109,318.3023986816406
10505108,664.26324462890625
10505118,969.1494140625
10505117,730.9837646484375
10505111,700.22430419921875
10505110,911.021484375
10505138,562.9473876953125
10505114,748.8865966796875
10505137,361.22418212890625
10505115,1016.515380859375
10505269,1387.1617431640625
10505189,906.71307373046875
10505136,832.8287353515625
10505190,975.06097412109375
10505133,476.16900634765625
10505134,845.694580078125
10505132,668.9229736328125
10505135,510.2540588378906
10505194,861.78302001953125
10505192,585.250244140625
10505195,1359.6236572265625
10505193,898.322998046875
10505191,1168.750732421875
10505209,967.1441650390625
10505207,745.4273681640625
10505208,966.61529541015625
10505259,689.63946533203125
10505206,617.301513671875
10505257,911.15283203125
10505258,302.5479736328125
10505256,764.613525390625
10505271,566.1488037109375
10505270,840.71380615234375
10505140,688.67462158203125
10505149,792.30902099609375
10505219,592.62298583984375
10505188,336.1691589355469
10505186,915.24945068359375
10505210,955.3338623046875
10505187,522.14837646484375
10505214,690.13665771484375
10505212,712.81280517578125
10505253,1116.277099609375
10505252,837.45513916015625
10505223,704.31292724609375
10505185,633.25823974609375
10505213,1307.4085693359375
10505183,681.3812255859375
10505182,609.6146240234375
10505215,838.1431884765625
10505217,465.87005615234375
10505218,626.31494140625
10505184,618.18536376953125
10505180,552.9808349609375
10505220,760.6748046875
10505221,472.7551574707031
10505222,935.96600341796875
10505810,682.0244140625
10505809,665.95635986328125
10505805,1278.8895263671875
10505811,478.92340087890625
10505812,465.7146301269531
10505806,170.2113800048828
10505807,448.49786376953125
10505802,531.2613525390625
10505803,542.25592041015625
10505804,555.630859375
10505095,875.0328369140625
10505216,471.5149841308594
10520709,1070.4266357421875
10520708,1626.2923583984375
10520710,2031.68310546875
10520711,1217.822509765625
10520714,1506.7923583984375
10520706,1323.72021484375
10520707,1496.8248291015625
10520705,1758.3992919921875
10520703,2038.1195068359375
10520702,686.214599609375
10520701,2949.89599609375
10520717,487.2621154785156
10520712,733.86627197265625
10520713,1196.685791015625
10520718,1065.03515625
10520716,454.01885986328125
10520715,482.4271545410156
10520727,1103.288330078125
10520719,489.0157775878906
10520721,606.11065673828125
10520720,406.21356201171875
10520725,1369.102294921875
10520724,1215.12158203125
10520726,678.89447021484375
10520722,1134.9031982421875
10520723,770.24456787109375
10520704,1005.95751953125
10502189,689.97882080078125
10503014,401.17144775390625
10508906,221.58493041992188
10508071,616.06524658203125
10501081,813.96429443359375
10501082,516.39874267578125
10501083,1602.380126953125
10501086,831.03363037109375
10501139,703.0472412109375
10501166,907.3623046875
10503072,791.042724609375
10601005,1446.233154296875
10601002,835.89703369140625
10620701,1322.7520751953125
10620702,339.2464294433594
10601014,399.85211181640625
10601011,365.5827941894531
10601013,691.497314453125
10601012,1129.8162841796875
10601010,919.490966796875
10601009,951.30169677734375
10601007,715.9730224609375
10601008,1167.7548828125
10601006,1215.5791015625
10601003,842.85791015625
10601004,506.90106201171875
10601001,837.60418701171875
10510009,704.927001953125
10103033,569.3360595703125
10103903,17.680204391479492
10103802,713.64544677734375
10103803,595.002685546875
10103801,699.5592041015625
10103017,801.3306884765625
10103016,668.3720703125
10103018,791.7276611328125
10103019,972.0040283203125
10103020,998.02508544921875
10103022,596.14056396484375
10103046,636.70587158203125
10103045,422.92645263671875
10103043,461.1242370605469
10103001,796.488037109375
10103002,446.7629089355469
10103024,731.35406494140625
10103027,571.462890625
10103029,574.0291748046875
10103025,833.5809326171875
10103023,837.04559326171875
10103026,643.97021484375
10103021,752.49884033203125
10103028,503.3022766113281
10103015,979.992431640625
10103014,394.62896728515625
10103003,542.6085205078125
10103013,825.654296875
10103044,495.532470703125
10103030,508.85357666015625
10103031,426.3067626953125
10103032,524.9541015625
10103035,483.1850891113281
10103034,795.1767578125
10103040,604.56768798828125
10103036,807.22705078125
10103010,920.1998291015625
10103008,576.6484375
10103009,491.2956237792969
10103011,826.25042724609375
10103007,513.39044189453125
10103006,505.7549133300781
10103004,1092.0960693359375
10103005,933.14501953125
10103037,871.52484130859375
10103042,321.32391357421875
10103041,704.8394775390625
10103039,947.37347412109375
10103038,800.85626220703125
10103012,743.458984375
10106002,1516.000732421875
10107001,667.4603271484375
10106801,980.829833984375
10106901,29.125503540039062
10107901,55.19233322143555
10106019,584.61590576171875
10106021,815.93243408203125
10106020,816.1885986328125
10106022,780.7005615234375
10106023,771.74359130859375
10106024,763.05224609375
10106016,810.985107421875
10106025,591.52294921875
10106802,793.55499267578125
10106803,1080.010986328125
10106014,803.15460205078125
10106015,707.66546630859375
10106017,888.86083984375
10106013,894.05865478515625
10106009,863.55914306640625
10106008,853.68463134765625
10106007,811.74993896484375
10106010,591.6473388671875
10106006,749.49066162109375
10106018,696.56329345703125
10106011,689.81060791015625
10106012,740.1134033203125
10106004,924.40203857421875
10106005,1002.6473388671875
10106003,632.45330810546875
10106001,972.22802734375
10107011,744.4896240234375
10107016,911.003662109375
10107012,545.0325927734375
10107015,644.5264892578125
10107014,545.89794921875
10107013,778.54766845703125
10107007,582.8466796875
10107006,631.7158203125
10107008,751.8179931640625
10107010,806.88385009765625
10107005,836.13934326171875
10107009,666.404296875
10107004,828.55621337890625
10107003,1065.8013916015625
10107002,880.38128662109375
10105022,641.0728759765625
10105004,649.31402587890625
10105903,145.88047790527344
10105902,314.84661865234375
10105803,344.34588623046875
10105801,815.46630859375
10105053,266.6875305175781
10105052,425.8515319824219
10105045,609.6824951171875
10105044,739.732666015625
10105050,152.75241088867188
10105051,214.2501678466797
10105046,572.6158447265625
10105049,315.65728759765625
10105048,590.33636474609375
10105047,559.81793212890625
10105042,750.60943603515625
10105043,570.0185546875
10105040,555.3509521484375
10105804,349.9078369140625
10105904,57.5341682434082
10105038,376.7686767578125
10105039,706.6024169921875
10105037,424.6109924316406
10105028,455.0181579589844
10105036,654.86431884765625
10105041,499.245849609375
10105031,422.08831787109375
10105035,352.7362060546875
10105034,471.8784484863281
10105033,533.0640869140625
10105032,485.72637939453125
10105030,411.9261169433594
10105029,435.37017822265625
10105027,539.753662109375
10105026,252.94956970214844
10105023,508.2156982421875
10105025,240.65647888183594
10105024,398.4500732421875
10105021,529.77960205078125
10105802,731.5487060546875
10105020,165.169189453125
10105018,250.4866943359375
10105012,516.6162109375
10105013,863.85986328125
10105019,332.7662048339844
10105009,498.6993713378906
10105002,506.6861267089844
10105001,641.060546875
10105017,403.1700439453125
10105016,560.6336669921875
10105015,517.54559326171875
10105014,731.92364501953125
10105011,556.21405029296875
10105010,247.8433074951172
10105008,627.3302001953125
10105007,577.8016357421875
10105003,700.12451171875
10105006,624.9173583984375
10105005,640.308837890625
10104002,582.0064697265625
10104011,605.29510498046875
10104012,515.5272216796875
10104008,1274.1400146484375
10104009,530.241455078125
10104007,943.51263427734375
10104006,663.817138671875
10104004,577.568603515625
10104005,556.512451171875
10104001,257.3346252441406
10104003,1197.287353515625
10104010,450.9310607910156
10108002,558.8358154296875
10108902,42.407630920410156
10108010,520.13836669921875
10108009,392.12298583984375
10108011,643.0013427734375
10108015,338.8294982910156
10108014,710.5166015625
10108012,414.77142333984375
10108013,463.2631530761719
10108005,378.4609375
10108007,125.10545349121094
10108006,427.7493896484375
10108004,604.41259765625
10108003,584.883056640625
10108001,458.577880859375
10120710,1523.2786865234375
10120716,1123.9012451171875
10120709,1854.7335205078125
10120711,1389.6124267578125
10120703,1162.6243896484375
10120704,1615.2080078125
10120705,2621.44580078125
10109901,334.34130859375
10109001,552.46649169921875
10109002,501.3726501464844
10109003,737.6309814453125
10109034,892.40045166015625
10109004,615.55316162109375
10109005,869.97625732421875
10109006,818.30224609375
10109007,610.216796875
10109008,483.43603515625
10109009,676.49725341796875
10109010,619.8087158203125
10109011,480.3624572753906
10109012,382.26751708984375
10109013,762.3885498046875
10109014,769.52996826171875
10109015,744.266357421875
10109016,616.50152587890625
10109017,890.53753662109375
10109018,557.8758544921875
10109019,710.03741455078125
10109020,748.1995849609375
10109021,724.88671875
10109022,677.7626953125
10109023,574.3980712890625
10109024,574.1771240234375
10109025,1116.7216796875
10109026,807.48626708984375
10109027,659.3800048828125
10109028,646.42559814453125
10109029,596.6202392578125
10109030,1017.9093627929688
10109031,672.16064453125
10109032,872.6903076171875
10109033,576.4951171875
10109035,627.7525634765625
10109036,484.6746520996094
10109037,693.108154296875
10109038,269.10516357421875
10109039,565.59503173828125
10109040,433.8154296875
10109041,624.472900390625
10109042,723.08135986328125
10109043,299.41094970703125
10204032,1321.8785400390625
10204805,1303.36572265625
10204811,1184.545654296875
10204901,1120.1710205078125
10204902,166.2398681640625
10204057,1325.8919677734375
10204058,636.874267578125
10204056,989.5238037109375
10204053,1237.2891845703125
10204052,684.06097412109375
10204051,1523.767578125
10204047,1092.9447021484375
10204044,1051.2452392578125
10204045,1412.54638671875
10204046,995.53021240234375
10204055,939.474609375
10204048,1180.5765380859375
10204050,1630.191162109375
10204043,501.5404052734375
10204042,1230.531494140625
10204049,1382.18603515625
10204041,1290.1373291015625
10204028,1255.5985107421875
10204027,1115.7054443359375
10204808,1070.635498046875
10204809,1028.4139404296875
10204810,1022.1174926757812
10204014,1496.639404296875
10204013,1648.6728515625
10204012,825.36456298828125
10204010,977.1214599609375
10204008,1221.3275146484375
10204011,2454.2138671875
10204009,1053.50439453125
10204007,1069.5191650390625
10204006,791.6458740234375
10204005,538.55194091796875
10204001,2072.112548828125
10204004,1662.599853515625
10204003,707.12042236328125
10204002,1944.2647705078125
10204020,877.84051513671875
10204018,485.31646728515625
10204019,528.53338623046875
10204037,499.7045593261719
10204036,1385.1123046875
10204035,1130.728271484375
10204040,568.4989013671875
10204038,609.88885498046875
10204039,341.8725280761719
10204033,1441.255859375
10204034,1109.0936279296875
10204031,1375.110595703125
10204029,1446.0087890625
10204026,2040.954833984375
10204030,1659.0828857421875
10204016,1339.8157958984375
10204015,1591.5374755859375
10204017,846.13372802734375
10204021,892.84783935546875
10204025,897.834716796875
10204024,833.16156005859375
10204022,831.2071533203125
10204023,1252.5848388671875
10204054,1591.33056640625
10204803,950.2491455078125
10204802,1401.722900390625
10204801,1793.718505859375
10204804,1828.5960693359375
10204806,1228.775634765625
10205901,1174.1953125
10205801,820.74139404296875
10205802,675.5120849609375
10205001,1152.4952392578125
10205002,536.6224365234375
10205003,143.6171112060547
10205014,1302.6966552734375
10205015,1054.882080078125
10205017,1435.9688720703125
10205004,1002.84521484375
10205005,1049.920166015625
10205008,1376.5931396484375
10205009,772.6959228515625
10205031,576.66082763671875
10205006,1183.94482421875
10205013,997.88336181640625
10205018,1679.7989501953125
10205020,400.5225524902344
10205021,625.80194091796875
10205019,1203.2003173828125
10205022,991.84173583984375
10205026,740.60589599609375
10205025,743.65606689453125
10205016,1314.7208251953125
10205023,599.95855712890625
10205012,1201.5560302734375
10205044,354.3460693359375
10205042,214.35879516601562
10205040,377.8707275390625
10205043,316.5720520019531
10205041,532.54034423828125
10205039,992.811767578125
10205038,641.32476806640625
10205032,1115.5767822265625
10205007,1891.5753173828125
10205010,1967.3494873046875
10205011,1057.488037109375
10205024,667.6287841796875
10205027,597.0040283203125
10205028,1292.226318359375
10205030,1265.2989501953125
10205029,482.5897216796875
10205037,716.52362060546875
10205035,1791.9293212890625
10205036,473.02288818359375
10205033,507.2110595703125
10205034,362.2936096191406
10202005,922.01202392578125
10202803,957.73846435546875
10202029,1530.0562744140625
10202028,746.99822998046875
10202026,2108.03662109375
10202021,539.30194091796875
10202018,1160.4947509765625
10202027,706.83807373046875
10202019,826.402099609375
10202025,1429.46923828125
10202024,1018.834228515625
10202023,486.60333251953125
10202016,714.309814453125
10202022,753.79052734375
10202020,585.50592041015625
10202014,1274.5029296875
10202017,1075.3634033203125
10202801,1208.822265625
10202802,657.0274658203125
10202001,901.8341064453125
10202015,717.99176025390625
10202013,264.72222900390625
10202003,715.896728515625
10202002,1139.445068359375
10202004,705.51025390625
10202012,265.08331298828125
10202011,712.81103515625
10202006,712.8184814453125
10202010,515.55908203125
10202007,2268.940673828125
10202009,146.60536193847656
10202008,336.37799072265625
10203067,757.43634033203125
10203801,714.69293212890625
10203903,117.66234588623047
10203902,16.967588424682617
10203904,111.15196228027344
10203112,497.86077880859375
10203105,664.08172607421875
10203106,746.962646484375
10203101,897.98687744140625
10203102,814.71966552734375
10203100,645.4034423828125
10203015,630.410888671875
10203111,841.91888427734375
10203108,454.1349182128906
10203109,1349.029541015625
10203110,884.98101806640625
10203107,644.48162841796875
10203104,1128.4229736328125
10203103,1613.99755859375
10203099,700.54791259765625
10203092,949.526123046875
10203098,1396.0784912109375
10203097,586.1158447265625
10203096,1214.510498046875
10203094,980.31842041015625
10203095,556.14569091796875
10203093,1271.57958984375
10203086,908.0343017578125
10203087,801.77850341796875
10203085,942.72515869140625
10203084,1456.6641845703125
10203082,1300.8836669921875
10203081,657.344482421875
10203080,813.6536865234375
10203078,1296.54541015625
10203079,1081.9124755859375
10203075,1361.4019775390625
10203074,1369.102783203125
10203091,466.6936950683594
10203090,466.9403381347656
10203062,483.6905822753906
10203089,545.6566162109375
10203088,1115.0166015625
10203083,1275.8369140625
10203077,1381.9951171875
10203071,695.987548828125
10203070,545.4722900390625
10203069,674.76898193359375
10203076,1177.696533203125
10203072,1487.81640625
10203073,839.33343505859375
10203068,547.4478759765625
10203056,1003.0630493164062
10203057,1266.513427734375
10203058,1005.5579833984375
10203066,971.481689453125
10203064,811.32598876953125
10203061,633.9381103515625
10203065,829.4976806640625
10203060,966.6624755859375
10203059,533.27227783203125
10203001,249.22230529785156
10203003,398.30810546875
10203002,242.8445587158203
10203018,1446.098388671875
10203019,1421.0111083984375
10203055,683.695556640625
10203054,1155.9879150390625
10203053,1819.702880859375
10203052,2215.3310546875
10203051,955.5596923828125
10203050,892.38726806640625
10203040,1693.06494140625
10203041,1019.53857421875
10203039,1177.012451171875
10203016,472.2704772949219
10203038,1926.5208740234375
10203037,1360.093994140625
10203030,1015.17626953125
10203028,719.308349609375
10203029,670.5380859375
10203035,774.718017578125
10203049,1236.63232421875
10203043,572.65325927734375
10203042,1082.9134521484375
10203044,972.90667724609375
10203036,1262.833251953125
10203034,913.90985107421875
10203063,276.6044006347656
10203011,2210.48876953125
10203010,143.67562866210938
10203009,311.4556579589844
10203048,1189.1165771484375
10203047,1260.1368408203125
10203045,497.0799255371094
10203046,505.26141357421875
10203033,758.59808349609375
10203032,862.57049560546875
10203031,973.09521484375
10203027,782.84130859375
10203026,568.93524169921875
10203023,132.13226318359375
10203025,653.52935791015625
10203024,748.8931884765625
10203020,1095.32763671875
10203021,907.7576904296875
10203022,979.10662841796875
10203004,483.1700439453125
10203005,436.2087097167969
10203006,546.14208984375
10203013,83.78275299072266
10203012,334.41448974609375
10203014,297.3399353027344
10203017,958.35491943359375
10203008,498.1106262207031
10203007,534.7662353515625
10201036,383.9287109375
10201802,772.5142822265625
10201033,471.3350524902344
10201034,398.544189453125
10201084,1063.1588134765625
10201081,477.737548828125
10201055,950.21295166015625
10201056,332.51263427734375
10201061,1208.230224609375
10201070,1442.853271484375
10201067,1122.110107421875
10201058,907.3502197265625
10201069,1469.882080078125
10201068,568.85400390625
10201072,841.18072509765625
10201071,1570.7041015625
10201066,1221.4371337890625
10201062,808.00982666015625
10201057,993.47784423828125
10201059,667.11944580078125
10201060,1142.867919921875
10201806,1054.486328125
10201805,1262.9010009765625
10201804,1351.1329345703125
10201803,885.66693115234375
10201801,938.1968994140625
10201001,96.7755355834961
10201002,887.05126953125
10201005,514.7138671875
10201004,31.679256439208984
10201014,811.2620849609375
10201030,1097.6787109375
10201031,988.0634765625
10201013,583.47979736328125
10201029,2253.861328125
10201028,1052.379150390625
10201027,989.3212890625
10201048,2089.00634765625
10201024,735.02911376953125
10201026,1102.031982421875
10201053,614.45123291015625
10201025,1089.513916015625
10201043,1151.2501220703125
10201044,818.2886962890625
10201042,843.99700927734375
10201038,711.39300537109375
10201037,786.2650146484375
10201032,358.7708740234375
10201041,491.41595458984375
10201040,983.33563232421875
10201039,837.5728759765625
10201035,521.84552001953125
10201047,768.9110107421875
10201063,625.8367919921875
10201064,943.962646484375
10201065,881.81317138671875
10201073,1550.35546875
10201074,1224.499267578125
10201075,1320.549560546875
10201076,995.95269775390625
10201054,1591.3226318359375
10201052,750.6636962890625
10201051,1539.51025390625
10201049,700.37750244140625
10201046,1181.8880615234375
10201050,1190.1502685546875
10201045,732.1339111328125
10201015,1296.242919921875
10201012,799.91754150390625
10201006,1576.2620849609375
10201007,1221.0006103515625
10201003,1670.754638671875
10201008,1709.4000244140625
10201011,1477.0975341796875
10201009,1337.9656982421875
10201010,1122.4871826171875
10201016,801.281005859375
10201017,736.10943603515625
10201023,746.82647705078125
10201018,1403.6956787109375
10201022,582.807373046875
10201019,1060.5482177734375
10201020,1179.6346435546875
10201021,1044.65380859375
10201077,442.1641540527344
10201078,541.18353271484375
10201079,1542.8704833984375
10201080,1087.3740234375
10201088,682.34613037109375
10201087,1386.5908203125
10201086,843.02484130859375
10201085,490.4036865234375
10201083,812.11865234375
10201082,1351.2188720703125
10220730,1495.6241455078125
10220703,1169.148681640625
10220702,1096.8145751953125
10220701,897.60906982421875
10220708,1186.3194580078125
10220707,1464.8258056640625
10220709,891.901123046875
10220704,1917.050048828125
10220723,4761.466796875
10220721,406.5630798339844
10220716,950.90252685546875
10220722,1049.123291015625
10220719,2007.367919921875
10220717,622.251953125
10220706,1201.9647216796875
10220705,1447.4130859375
10220720,868.62445068359375
10220718,896.4686279296875
10220725,1103.2911376953125
10220724,1459.6915283203125
10220737,536.18896484375
10220714,1438.9947509765625
10220710,1407.1015625
10220713,748.649169921875
10220712,392.4473571777344
10220742,777.11895751953125
10220711,608.25897216796875
10220741,934.35394287109375
10220738,813.17376708984375
10220739,1242.1746826171875
10220753,1094.596435546875
10220743,388.7014465332031
10220752,812.8087158203125
10220751,457.5055847167969
10220745,453.671142578125
10220740,762.2860107421875
10220744,504.0584411621094
10220754,1134.6593017578125
10220749,1262.8743896484375
10220715,2841.792724609375
10220732,1395.2152099609375
10220736,461.60693359375
10220735,690.6240234375
10220733,876.67138671875
10220734,804.3487548828125
10220746,845.85015869140625
10220750,558.44000244140625
10220747,770.74505615234375
10220748,1326.4298095703125
10220726,1405.6900634765625
10220728,1544.4163818359375
10220731,1151.54345703125
10220727,672.02276611328125
10220729,1433.9715576171875
10305901,561.6427001953125
10305012,1362.48583984375
10305904,271.30517578125
10305003,220.26483154296875
10305002,1145.8955078125
10305007,876.89984130859375
10305004,1015.0367431640625
10305001,774.9019775390625
10305006,2332.81787109375
10305005,810.349609375
10305008,499.1824035644531
10305009,701.1268310546875
10305010,1187.52392578125
10305011,504.28131103515625
10305014,571.2117919921875
10305015,1389.4921875
10305017,1229.2615966796875
10305016,1100.730224609375
10305013,1128.750732421875
10305906,1224.9351806640625
10305903,835.70074462890625
10305902,324.6198425292969
10305905,807.06915283203125
10312002,1193.1044921875
10312027,468.10247802734375
10312030,1162.0498046875
10312026,451.2874755859375
10312059,1192.8345947265625
10312054,647.8834228515625
10312058,703.97021484375
10312056,606.46856689453125
10312057,681.40087890625
10312051,115.40436553955078
10312029,879.01806640625
10312050,617.33758544921875
10312019,678.63311767578125
10312042,467.59698486328125
10312041,455.0844421386719
10312038,608.88873291015625
10312036,958.4801025390625
10312043,665.79510498046875
10312053,2954.0166015625
10312047,1618.1492919921875
10312049,782.6683349609375
10312048,1095.235107421875
10312028,839.68450927734375
10312052,921.16412353515625
10312037,824.23150634765625
10312044,788.26690673828125
10312045,841.489013671875
10312046,413.5916748046875
10312031,669.17291259765625
10312020,509.03790283203125
10312034,883.55462646484375
10312035,965.32952880859375
10312033,681.4959716796875
10312032,833.94085693359375
10312013,1048.4315185546875
10312024,1282.4798583984375
10312040,735.1568603515625
10312039,1055.46923828125
10312018,878.5465087890625
10312017,1825.6568603515625
10312003,1925.813232421875
10312021,365.07891845703125
10312022,760.2359619140625
10312015,1161.55078125
10312007,783.3616943359375
10312011,1002.6318359375
10312012,1505.9781494140625
10312023,1391.2489013671875
10312025,917.494140625
10312010,1303.6939697265625
10312014,780.6993408203125
10312008,807.26953125
10312009,1208.31689453125
10312001,1301.108642578125
10309803,1018.4622192382812
10309002,446.8816833496094
10309003,948.14410400390625
10309004,1007.8606567382812
10309008,564.4241943359375
10309010,826.1650390625
10309009,1099.12841796875
10309017,129.3599090576172
10309016,403.45379638671875
10309018,231.60946655273438
10309014,343.6539306640625
10309006,237.8355712890625
10309013,770.43695068359375
10309015,523.2421875
10309007,663.70147705078125
10309005,423.4459228515625
10309026,937.8243408203125
10309025,1380.6761474609375
10309024,1020.5936889648438
10309023,968.3983154296875
10309022,968.85479736328125
10309021,820.65631103515625
10309011,1022.0971069335938
10309019,538.035888671875
10309012,539.134033203125
10309020,915.22613525390625
10309802,1149.7537841796875
10309801,1092.0286865234375
10309806,430.3069763183594
10309804,1321.2242431640625
10309805,294.1523742675781
10308901,267.11688232421875
10308016,1128.243896484375
10308008,675.23858642578125
10308017,970.72998046875
10308012,496.6002197265625
10308009,510.5480041503906
10308010,474.6056213378906
10308011,267.2301940917969
10308013,503.3979797363281
10306901,540.88116455078125
10306019,2134.35205078125
10306021,1207.4925537109375
10306026,968.4083251953125
10306023,1311.2015380859375
10306025,1004.8273315429688
10306024,225.52239990234375
10303010,1644.9473876953125
10303013,1380.89990234375
10303012,396.7276611328125
10303011,1764.3193359375
10303008,91.6314468383789
10303009,1174.4791259765625
10303007,410.47705078125
10303006,224.24417114257812
10303005,1782.842041015625
10303004,1891.763916015625
10303003,849.50714111328125
10303002,979.2955322265625
10303001,920.1705322265625
10304011,1152.7412109375
10304901,203.8728790283203
10304807,796.72955322265625
10304810,2652.197509765625
10304808,1767.7462158203125
10304806,1508.3184814453125
10304805,823.2452392578125
10304802,644.05804443359375
10304801,1616.6429443359375
10304803,752.49761962890625
10304804,1632.5079345703125
10304809,860.8880615234375
10304008,1230.2802734375
10304005,1395.27001953125
10304007,1779.4810791015625
10304006,833.3714599609375
10304003,1080.801513671875
10304004,1737.01220703125
10304002,1117.6163330078125
10304001,1045.9771728515625
10304014,1664.4493408203125
10304009,1552.7535400390625
10304010,1265.406494140625
10304012,1418.155517578125
10304013,1612.7073974609375
10301003,757.50714111328125
10301903,847.17279052734375
10301801,380.59124755859375
10301906,133.4290008544922
10301905,1331.47509765625
10301904,389.2214660644531
10301902,672.90667724609375
10301073,414.8043518066406
10301072,775.30133056640625
10301069,516.12274169921875
10301068,312.0475158691406
10301071,1097.83740234375
10301070,471.8218994140625
10301067,223.45843505859375
10301064,126.6852035522461
10301066,421.5283508300781
10301065,555.67620849609375
10301059,675.75579833984375
10301063,685.25732421875
10301061,653.400390625
10301062,442.74346923828125
10301060,521.7764892578125
10301052,1157.096435546875
10301019,1246.6632080078125
10301036,973.47119140625
10301046,565.94573974609375
10301045,969.79461669921875
10301047,576.7708740234375
10301049,401.1706237792969
10301050,704.154296875
10301051,678.16253662109375
10301044,434.3106994628906
10301040,1369.2578125
10301048,178.04421997070312
10301043,187.4130401611328
10301041,367.8680419921875
10301042,318.4727783203125
10301037,425.5238342285156
10301038,637.743896484375
10301039,749.178466796875
10301025,1063.9781494140625
10301023,468.8214416503906
10301024,422.0699462890625
10301013,543.087890625
10301002,310.19610595703125
10301012,368.84326171875
10301014,495.193115234375
10301011,1072.2354736328125
10301010,699.8092041015625
10301001,666.91070556640625
10301057,321.46356201171875
10301058,415.4136962890625
10301054,779.7987060546875
10301055,925.41845703125
10301033,1690.482177734375
10301034,967.60028076171875
10301053,655.3099365234375
10301035,1510.796630859375
10301031,526.71893310546875
10301032,888.11260986328125
10301056,737.54986572265625
10301030,898.90887451171875
10301029,1400.877685546875
10301028,1128.05859375
10301027,1016.8873291015625
10301020,887.2410888671875
10301018,1210.8824462890625
10301026,982.8726806640625
10301021,935.49951171875
10301022,685.9271240234375
10301016,735.466552734375
10301017,1290.5584716796875
10301008,940.369873046875
10301015,997.70550537109375
10301007,1211.6787109375
10301006,724.38592529296875
10301009,717.28936767578125
10301005,425.97161865234375
10301004,149.81661987304688
10302004,804.99591064453125
10302001,870.3128662109375
10302909,300.175537109375
10302901,950.0313720703125
10302902,584.54345703125
10302907,221.33645629882812
10302022,2178.2275390625
10302021,2137.77734375
10302018,147.10594177246094
10302019,151.8833770751953
10302016,1156.2880859375
10302017,949.7476806640625
10302020,1456.9805908203125
10302014,390.9822692871094
10302015,1352.3798828125
10302013,1323.601806640625
10302003,731.35723876953125
10302011,736.657958984375
10302012,357.6340026855469
10302009,779.63580322265625
10302010,872.2939453125
10302008,1317.08447265625
10302006,276.5144348144531
10302007,915.1708984375
10302005,989.18768310546875
10302002,648.309814453125
10302904,714.19873046875
10302903,1160.29345703125
10302905,351.23358154296875
10302906,354.3052062988281
10302908,163.63058471679688
10307901,213.67282104492188
10307006,1824.220947265625
10307009,291.7920227050781
10307001,405.6755676269531
10307002,704.1522216796875
10307003,459.00927734375
10307004,466.8680419921875
10307015,519.1365966796875
10307020,873.832275390625
10307019,291.0978698730469
10307016,1203.37841796875
10307018,632.71807861328125
10307017,1233.60498046875
10307014,956.39520263671875
10307013,970.763916015625
10307012,1238.3599853515625
10307011,922.19525146484375
10307010,892.90350341796875
10307008,471.8789367675781
10307007,546.3033447265625
10307005,1159.8162841796875
10310002,348.65643310546875
10310024,931.3018798828125
10310022,719.3712158203125
10310021,424.9483337402344
10310020,305.13519287109375
10310019,319.1916198730469
10310017,262.0160827636719
10310018,206.81776428222656
10310013,271.1258850097656
10310014,249.43368530273438
10310015,347.6956481933594
10310009,250.1699981689453
10310010,316.05072021484375
10310001,752.46722412109375
10310008,302.2364196777344
10310012,150.13467407226562
10310011,189.64588928222656
10310003,220.58778381347656
10310005,154.29885864257812
10310004,153.34091186523438
10310006,279.1431579589844
10310007,213.69125366210938
10310901,751.17034912109375
10310016,460.3536071777344
10310902,242.9136199951172
10311001,1073.3853759765625
10311003,796.03057861328125
10311002,979.67608642578125
10314001,811.01513671875
10314002,1041.3800048828125
10310023,713.47967529296875
10407002,540.9749755859375
10407901,5.73145866394043
10407029,1206.283447265625
10407011,1028.931640625
10407013,1616.0977783203125
10407012,1543.8204345703125
10407009,1728.531982421875
10407010,1194.5523681640625
10407023,668.48370361328125
10407015,745.8511962890625
10407014,1357.5091552734375
10407022,819.04083251953125
10407020,481.5530090332031
10407018,321.8173522949219
10407007,1990.7713623046875
10407021,403.326904296875
10407016,1191.0050048828125
10407017,655.01318359375
10407008,796.9080810546875
10407024,719.89288330078125
10407019,597.6251220703125
10407025,531.50274658203125
10407026,740.882568359375
10407031,909.79150390625
10407027,517.219482421875
10407030,777.732421875
10407028,807.73504638671875
10407001,900.13812255859375
10407005,824.19671630859375
10407004,717.16290283203125
10407003,1651.6881103515625
10407006,1065.4642333984375
10402007,886.17388916015625
10402001,589.2401123046875
10402002,1244.3175048828125
10402009,939.8607177734375
10402008,386.4390869140625
10402003,917.1925048828125
10402006,1188.4619140625
10402004,777.15869140625
10402005,562.97723388671875
10404902,676.6473388671875
10404802,1291.6529541015625
10404804,617.50738525390625
10404025,1044.527099609375
10404803,600.8468017578125
10404031,410.9654541015625
10404032,299.1938781738281
10404028,629.41754150390625
10404027,946.77581787109375
10404024,540.3001708984375
10404026,827.9967041015625
10404023,587.48785400390625
10404029,607.43438720703125
10404030,647.509033203125
10404022,570.6680908203125
10404021,1025.4219970703125
10404018,1032.6927490234375
10404019,1077.893798828125
10404020,812.66864013671875
10404017,758.1669921875
10404016,1050.77685546875
10404015,1268.602783203125
10404013,654.82794189453125
10404901,365.0721435546875
10404012,688.49664306640625
10404007,1012.8267211914062
10404008,808.4525146484375
10404006,696.74334716796875
10404011,600.5386962890625
10404010,808.6114501953125
10404009,777.16302490234375
10404005,976.07293701171875
10404001,634.7542724609375
10404002,856.45733642578125
10404801,1721.3919677734375
10404003,788.2952880859375
10404004,445.0367736816406
10403013,361.09283447265625
10403801,752.22503662109375
10403001,556.07666015625
10403008,614.1689453125
10403031,649.30438232421875
10403030,634.0123291015625
10403028,750.21429443359375
10403023,625.1539306640625
10403027,828.790283203125
10403025,1088.5162353515625
10403026,533.35430908203125
10403017,603.49560546875
10403018,641.52288818359375
10403014,496.8556213378906
10403015,1122.9676513671875
10403016,593.89892578125
10403009,369.9612121582031
10403010,590.86407470703125
10403011,664.80987548828125
10403024,523.48382568359375
10403012,516.39007568359375
10403802,558.08306884765625
10403022,995.09576416015625
10403029,493.9372253417969
10403021,489.8199157714844
10403020,534.179931640625
10403004,491.8797607421875
10403002,374.7706298828125
10403003,379.3913879394531
10403005,483.3236389160156
10403007,663.0968017578125
10403006,768.43017578125
10403019,692.72412109375
10413901,771.64788818359375
10409007,596.6116943359375
10408803,1131.9755859375
10409001,771.78912353515625
10409002,811.553466796875
10409004,341.5496826171875
10409003,567.36981201171875
10409005,587.6761474609375
10409010,754.8472900390625
10409011,930.51446533203125
10409009,697.406982421875
10409008,315.06683349609375
10409006,522.76654052734375
10408010,1140.808837890625
10408801,353.1170654296875
10408802,616.84320068359375
10408009,942.89208984375
10408007,981.396484375
10408008,1061.8001708984375
10408015,1673.42529296875
10408011,844.42840576171875
10408012,531.55419921875
10408014,689.42047119140625
10408001,1039.81494140625
10408013,561.69403076171875
10408016,1088.080322265625
10408018,724.72833251953125
10408017,1549.384033203125
10408005,903.02606201171875
10408006,1443.4541015625
10408004,551.4061279296875
10408002,1244.688720703125
10408003,524.8096923828125
10401011,800.80401611328125
10401802,2000.8221435546875
10401034,787.530517578125
10401003,654.36181640625
10401002,626.43377685546875
10401004,807.54010009765625
10401008,526.1229248046875
10401001,423.0664367675781
10401009,487.9869384765625
10401007,668.9202880859375
10401024,808.8543701171875
10401037,581.76690673828125
10401010,437.8846130371094
10401025,439.6428527832031
10401066,980.96673583984375
10401067,807.00726318359375
10401084,465.3259582519531
10401083,804.56207275390625
10401059,494.21173095703125
10401055,543.22027587890625
10401056,554.67742919921875
10401057,675.41888427734375
10401054,866.20721435546875
10401062,962.540771484375
10401061,841.34332275390625
10401060,330.2286682128906
10401058,692.81390380859375
10401053,562.2425537109375
10401051,626.912841796875
10401064,681.95556640625
10401065,997.7528076171875
10401050,516.01348876953125
10401049,591.44757080078125
10401052,441.8786926269531
10401048,581.5980224609375
10401047,891.46258544921875
10401046,571.4615478515625
10401045,470.51873779296875
10401044,669.0968017578125
10401043,879.5556640625
10401042,703.00213623046875
10401041,653.193115234375
10401039,1288.0089111328125
10401038,1445.24267578125
10401031,889.39862060546875
10401030,851.9090576171875
10401029,695.4503173828125
10401032,515.52728271484375
10401005,833.16546630859375
10401028,666.10382080078125
10401006,718.49249267578125
10401026,693.54705810546875
10401027,1143.899169921875
10401033,592.6748046875
10401036,761.5435791015625
10401063,758.48828125
10401040,655.83160400390625
10401035,752.511962890625
10401806,638.507080078125
10401801,2026.3931884765625
10401805,290.76934814453125
10401804,536.4791259765625
10401803,237.99229431152344
10401094,1386.6834716796875
10401090,576.52056884765625
10401091,707.88641357421875
10401085,781.846435546875
10401093,624.5771484375
10401092,752.5833740234375
10401076,637.040283203125
10401082,1073.027587890625
10401087,1019.2203979492188
10401086,1166.4591064453125
10401089,1403.2130126953125
10401074,1157.6607666015625
10401075,891.48260498046875
10401088,901.6097412109375
10401077,799.84271240234375
10401080,734.48077392578125
10401081,667.24969482421875
10401079,926.85772705078125
10401078,1045.570556640625
10401072,955.05584716796875
10401068,1738.62451171875
10401071,1464.486572265625
10401069,911.07135009765625
10401070,1208.1551513671875
10401014,811.45257568359375
10401015,752.71563720703125
10401016,900.0225830078125
10401073,815.220703125
10401017,518.4962158203125
10401018,868.57562255859375
10401022,1002.109619140625
10401020,763.930419921875
10401023,738.57891845703125
10401019,1291.5133056640625
10401013,769.610107421875
10401012,824.5989990234375
10401021,979.3992919921875
10411002,828.45947265625
10411006,33.56536865234375
10411004,297.95001220703125
10411003,1060.548095703125
10411005,13.234670639038086
10412902,1280.9896240234375
10405014,643.46160888671875
10405001,1591.02099609375
10405002,739.1341552734375
10405003,807.25311279296875
10405005,262.5057678222656
10405004,422.369384765625
10405006,466.03131103515625
10405012,1401.9168701171875
10405017,521.20892333984375
10405013,901.0794677734375
10405016,516.416748046875
10405015,630.7811279296875
10405021,445.5434875488281
10405008,546.186279296875
10405007,284.7500915527344
10405009,751.65057373046875
10405020,367.114990234375
10405019,425.5382080078125
10405018,366.396484375
10405011,508.5506591796875
10405010,953.7747802734375
10412901,551.75244140625
10412903,647.27734375
10412904,868.18035888671875
10410009,936.54931640625
10410001,1305.219970703125
10410005,939.5108642578125
10410002,1135.9866943359375
10410004,963.58538818359375
10410003,885.52874755859375
10410006,870.9178466796875
10410011,1032.68115234375
10410010,1053.1256103515625
10410007,882.56158447265625
10410008,926.7578125
10406002,1694.06884765625
10406004,607.404052734375
10406003,722.42779541015625
10406001,1147.1417236328125
10420706,894.8653564453125
10420721,1105.9371337890625
10420717,1302.099609375
10420718,810.5244140625
10420720,764.80535888671875
10420722,728.32073974609375
10420723,1192.1748046875
10420726,640.4814453125
10420724,743.62115478515625
10420725,1152.5556640625
10420716,491.2730407714844
10420719,1137.7265625
10420714,882.28118896484375
10420713,943.43951416015625
10420715,558.1295166015625
10420701,994.40966796875
10420702,1515.515869140625
10420711,1902.75830078125
10420708,1638.2431640625
10420712,1090.5921630859375
10420710,1257.497802734375
10420703,1137.9171142578125
10420709,1301.6756591796875
10420704,1240.685302734375
10420707,1298.6824951171875
10420705,877.4744873046875
10308006,1103.0390625
10308005,1038.6881103515625
10306016,303.7718200683594
10306015,597.63250732421875
10306014,312.1655578613281
10306013,1324.8514404296875
10306011,1339.0211181640625
10306010,1722.5504150390625
10306009,2306.25
10306008,1360.5797119140625
10306004,1162.2650146484375
10306003,898.7071533203125
10306001,955.593505859375
10306005,1056.6767578125
10306006,1041.267822265625
10306007,758.89971923828125
10320701,1243.9552001953125
10320702,1681.8135986328125
10320703,423.2109069824219
10320717,1236.527587890625
10320718,577.9013671875
10320716,791.27362060546875
10320715,721.71893310546875
10320704,2679.630615234375
10320714,553.3702392578125
10320712,713.74749755859375
10320713,769.69573974609375
10320705,1594.2955322265625
10204807,899.67230224609375
10312016,846.12042236328125
10312006,706.8128662109375
10312005,973.23248291015625
10312004,853.58013916015625
10308003,809.2596435546875
10308018,1191.8057861328125
10308001,2002.1087646484375
10308004,1044.4990234375
10308007,934.14532470703125
10308002,861.9632568359375
10308014,921.8228759765625
10308015,635.20086669921875
10306002,998.21746826171875
10306018,727.6380615234375
10306022,1613.03564453125
10306020,1639.0888671875
10306017,3443.92529296875
10306012,974.13232421875
10320706,1454.984130859375
10320710,469.55645751953125
10320711,438.1391906738281
10320709,479.7162780761719
10320707,798.15985107421875
10320708,487.6052551269531
10120702,1467.532958984375
10120701,1542.8284912109375
10120706,1782.76708984375
10120707,909.24029541015625
10120708,1240.3651123046875
10120717,1360.8690185546875
10120715,1708.99365234375
10120714,213.96588134765625
10120713,406.29193115234375
10120712,273.9514465332031
10108008,375.9931640625
10411001,1110.8607177734375
10301901,176.3793487548828
10404014,1675.6923828125
10502903,1111.6640625
10502902,108.62420654296875
10502901,423.42095947265625
10503904,228.8917694091797
10503903,141.4910888671875
10103902,34.38235092163086
10103901,45.0996208190918
10106902,3.6605546474456787
10107902,75.69953918457031
10105901,67.3658218383789
10104901,3.353404998779297
10110901,86.61289978027344
10108901,7.984912395477295
10206901,18.206342697143555
10203901,222.8121795654297
10312901,674.9278564453125
10312055,636.2694091796875
10309001,653.5394287109375
10310801,1687.562744140625
10102034,618.6671142578125
10102901,414.3705139160156
10102003,1305.745849609375
10102009,895.43218994140625
10102010,1016.3528442382812
10102001,630.04180908203125
10102002,1360.2796630859375
10102004,1063.0733642578125
10102005,866.2567138671875
10102007,667.1932373046875
10102008,926.97222900390625
10102017,595.41070556640625
10102006,710.42926025390625
10102018,960.10040283203125
10102015,600.30145263671875
10102016,949.31549072265625
10102014,872.379638671875
10102013,616.64434814453125
10102011,668.76220703125
10102012,840.43951416015625
10102022,1367.1405029296875
10102020,1109.35498046875
10102024,1366.2838134765625
10102039,1399.6534423828125
10102033,731.04937744140625
10102032,669.89898681640625
10102023,1216.8248291015625
10102025,968.89361572265625
10102027,1671.4708251953125
10102026,885.38043212890625
10102037,856.27056884765625
10102029,765.812255859375
10102028,1149.7811279296875
10102038,1414.1055908203125
10102031,419.0562744140625
10102030,628.21832275390625
10102035,1948.056640625
10102036,755.42071533203125
10102019,911.966064453125
10102021,623.28033447265625
10101005,1197.712158203125
10101006,1433.942138671875
10101024,969.51055908203125
10101025,843.09466552734375
10101030,977.22344970703125
10101027,893.911865234375
10101012,1594.5546875
10101001,1153.5347900390625
10101003,1481.1072998046875
10101009,1393.597900390625
10101004,1070.9385986328125
10101007,1410.792236328125
10101008,1445.21142578125
10101018,1353.091064453125
10101019,1357.4437255859375
10101002,785.2186279296875
10101010,1014.498291015625
10101011,1391.4044189453125
10101015,1377.633544921875
10101014,1107.087158203125
10101020,324.4093322753906
10101017,909.640380859375
10101016,905.00494384765625
10101022,501.43170166015625
10101021,290.3970031738281
10101028,508.0492858886719
10101029,670.8779296875
10101026,641.20965576171875
10101031,733.3809814453125
10101901,366.7515869140625
10101023,576.0172119140625
10101013,878.38916015625
10101032,881.339111328125
10101033,465.7480163574219
10101045,860.2894287109375
10101049,902.91400146484375
10101037,1221.1771240234375
10101064,673.05426025390625
10101065,1033.5433349609375
10101069,300.39569091796875
10101075,591.1673583984375
10101073,592.44696044921875
10101058,1258.2200927734375
10101042,636.1961669921875
10101050,578.18896484375
10101052,577.4091796875
10101063,534.89208984375
10101048,839.8870849609375
10101047,685.22796630859375
10101046,672.68890380859375
10101055,1360.7802734375
10101054,1242.765380859375
10101044,1295.2952880859375
10101057,650.80633544921875
10101056,920.46478271484375
10101053,1008.2288208007812
10101061,1008.1369018554688
10101060,899.83758544921875
10101071,409.7186584472656
10101070,750.4927978515625
10101067,721.78619384765625
10101068,288.0081787109375
10101074,549.71710205078125
10101059,910.1436767578125
10101072,702.74151611328125
10101043,456.6890869140625
10101039,1086.325927734375
10101040,646.45806884765625
10101041,661.75262451171875
10101034,712.38885498046875
10101035,1238.1005859375
10101036,2022.2427978515625
10101038,1097.123291015625
10101051,515.95343017578125
10101062,669.80865478515625
10101066,830.81463623046875
10715002,95.093414306640625
10715018,1621.9302978515625
10715016,2090.6142578125
10715014,2287.125244140625
10715015,1206.3497314453125
10715001,2291.79931640625
10715013,1760.758544921875
10715012,1514.080322265625
10715017,1681.2227783203125
10715008,110.22737121582031
10715009,886.30328369140625
10715011,381.78472900390625
10715010,1126.126220703125
10715004,416.14385986328125
10715005,817.43035888671875
10715007,321.71417236328125
10715003,524.01263427734375
10715006,440.4736022949219
10714010,1749.9991455078125
10714009,2289.510498046875
10714008,1205.4031982421875
10714007,1658.6826171875
10714001,2561.59375
10714003,1792.064697265625
10714002,2301.36865234375
10714006,1264.177978515625
10714005,947.28857421875
10714004,721.44830322265625
10713003,1015.8322143554688
10713009,512.710205078125
10713010,618.86260986328125
10713011,1111.3424072265625
10713008,564.11322021484375
10713007,809.33319091796875
10713006,707.16876220703125
10713001,758.82647705078125
10713005,1384.426513671875
10713002,885.43463134765625
10713004,1060.750732421875
10712001,2250.38818359375
10712002,772.28369140625
10712004,1507.639892578125
10712003,1118.15673828125
10712005,571.48065185546875
10712007,409.8695068359375
10712008,860.4288330078125
10712006,552.62042236328125
10709001,1979.05908203125
10709005,1045.864501953125
10709006,781.57281494140625
10709018,711.9384765625
10709019,891.94451904296875
10709026,384.64556884765625
10709020,165.4792022705078
10709025,242.38589477539062
10709024,47.77091598510742
10709021,95.05455780029297
10709022,423.62255859375
10709023,763.017578125
10709015,638.6201171875
10709014,858.3192138671875
10709016,621.314697265625
10709017,382.1902160644531
10709010,2510.851806640625
10709008,1817.2047119140625
10709011,631.12640380859375
10709013,698.32220458984375
10709012,516.0428466796875
10710005,231.8980712890625
10710004,665.1497802734375
10710003,422.1897888183594
10710002,767.5390625
10710001,508.5866394042969
10710006,377.5648498535156
10710007,503.1548767089844
10710011,265.79437255859375
10710012,217.47384643554688
10710009,339.0321350097656
10710008,494.06256103515625
10710010,477.4783935546875
10710017,238.6953125
10710018,338.7854309082031
10710015,72.81047058105469
10710014,160.8667755126953
10710016,183.9615936279297
10710020,389.74786376953125
10710025,638.2437744140625
10710021,229.66757202148438
10710022,402.0040283203125
10710023,364.0237121582031
10709004,1350.447509765625
10709003,1594.343505859375
10709002,2001.00634765625
10709009,1786.8583984375
10709007,1112.3828125
10711010,360.852783203125
10708019,419.208984375
10708001,3720.09130859375
10708003,1454.4522705078125
10708004,1803.7802734375
10708002,2109.386962890625
10708014,1322.7481689453125
10708015,1780.5943603515625
10708016,988.20831298828125
10708017,352.17596435546875
10708008,1919.702880859375
10708005,519.422119140625
10708006,264.11572265625
10708012,326.8760070800781
10708013,325.3635559082031
10708010,763.1834716796875
10708007,268.4529724121094
10708011,617.01763916015625
10708009,1195.66552734375
10708018,234.07037353515625
10708020,536.69183349609375
10711001,1687.5413818359375
10711003,1440.504150390625
10711002,1051.7381591796875
10711004,1023.0269775390625
10711005,660.9505615234375
10711006,903.173095703125
10711008,1038.2103271484375
10711007,1045.4375
10711011,1681.13427734375
10711009,621.13311767578125
10707020,1310.8929443359375
10707026,1921.2012939453125
10707024,1064.2655029296875
10707025,778.02618408203125
10707017,368.4525146484375
10707014,800.12152099609375
10707018,1026.7999267578125
10707016,1426.82373046875
10707015,1085.835205078125
10707002,528.58123779296875
10707013,711.25518798828125
10707003,903.7703857421875
10707001,897.2662353515625
10707005,717.52471923828125
10707004,811.2021484375
10707012,1327.357421875
10707011,837.63519287109375
10707010,655.1414794921875
10707009,904.51544189453125
10707006,338.2370300292969
10707007,703.5189208984375
10707008,960.5771484375
10707021,1453.2056884765625
10707022,1190.238525390625
10707023,662.581298828125
10707019,333.22381591796875
10706004,1599.9417724609375
10706007,1269.9326171875
10706005,962.96673583984375
10706006,1678.5126953125
10706003,681.6077880859375
10706001,623.50830078125
10706002,988.689453125
10705003,2302.296142578125
10705002,1392.6064453125
10705001,1157.8070068359375
10705006,3299.421142578125
10705005,968.36859130859375
10705004,1290.7203369140625
10704008,729.9805908203125
10704011,2374.9931640625
10704010,2971.881103515625
10704004,1119.469482421875
10704005,768.88885498046875
10704006,1087.9708251953125
10704003,1780.1729736328125
10704002,1029.2738037109375
10704001,1081.7523193359375
10704007,1276.8839111328125
10704009,1133.3541259765625
10701001,868.22857666015625
10702001,2075.01904296875
10702002,1563.8404541015625
10702004,1404.046630859375
10702003,1542.835205078125
10702005,1086.9161376953125
10702006,2585.4326171875
10702008,1472.604736328125
10702007,883.052001953125
10702009,356.16375732421875
10702010,708.3876953125
10701007,1308.1260986328125
10701006,1522.82275390625
10701005,1567.8310546875
10701003,2366.858154296875
10701002,2322.886474609375
10701004,618.299072265625
10703001,1385.8262939453125
10703009,98.58472442626953
10703006,1034.4100341796875
10703005,1838.6876220703125
10703004,2367.22119140625
10703003,2252.382568359375
10703002,1387.7576904296875
10703008,480.4466857910156
10703007,888.59869384765625
10710013,200.60357666015625
10710024,1080.1785888671875
10710019,241.57945251464844
10101902,87.1744384765625
10512901,514.4268798828125
10503902,81.0992431640625
