code,fclass,province,lon,lat
2110,hospital,Seoul,127.0257702,37.58711730000001
2082,middleschool,Seoul,127.0256687,37.5871922
2082,highschool,Seoul,127.02615430000002,37.5876471
2082,elementaryschool,Seoul,127.0267044,37.58729480000001
2082,elementaryschool,Seoul,127.02700639999999,37.587576899999995
2082,elementaryschool,Seoul,127.0272777,37.5874029
2082,middleschool,Seoul,127.0270711,37.5871838
2082,highschool,Seoul,127.02710510000001,37.5871549
2082,school,Seoul,127.02648940000002,37.58658230000001
2082,highschool,Seoul,127.02559000000001,37.58650620000001
2082,elementaryschool,Seoul,127.02562740000002,37.586707
2082,middleschool,Seoul,127.02569130000002,37.58676350000001
2082,elementaryschool,Seoul,127.02552909999999,37.5868798
2082,middleschool,Seoul,127.0257702,37.58711730000001
2082,middleschool,Seoul,126.9305127,37.623291800000004
2082,middleschool,Seoul,126.9310417,37.623582799999994
2082,highschool,Seoul,126.93158940000001,37.623688400000006
2082,elementaryschool,Seoul,126.93239540000002,37.6232914
2082,elementaryschool,Seoul,126.93256839999998,37.6233098
2082,highschool,Seoul,126.93298950000002,37.6232488
2082,elementaryschool,Seoul,126.9330271,37.623198900000006
2082,elementaryschool,Seoul,126.932898,37.6230716
2082,elementaryschool,Seoul,126.9327073,37.6230132
2501,supermarket,Seoul,126.93249740000002,37.6228902
2082,elementaryschool,Seoul,126.9321984,37.622773599999995
2082,school,Seoul,126.93204839999999,37.622638300000006
2110,hospital,Seoul,126.93185580000001,37.6227258
2082,school,Seoul,126.9316632,37.6224981
2082,highschool,Seoul,126.9312745,37.6225873
2082,school,Seoul,126.93049420000001,37.6232541
2082,middleschool,Seoul,126.9305127,37.623291800000004
2082,highschool,Seoul,126.9234717,37.61394670000001
2082,elementaryschool,Seoul,126.92352,37.61405289999999
2082,school,Seoul,126.9237506,37.61420379999999
2082,highschool,Seoul,126.9239258,37.6144056
2082,middleschool,Seoul,126.9245266,37.61461640000001
2082,highschool,Seoul,126.92511020000002,37.61493600000001
2082,middleschool,Seoul,126.92542779999998,37.61516030000001
2501,supermarket,Seoul,126.9258377,37.614807000000006
2082,highschool,Seoul,126.92583369999998,37.6146717
2082,elementaryschool,Seoul,126.92527850000002,37.6142072
2082,elementaryschool,Seoul,126.92387000000001,37.6130394
2082,elementaryschool,Seoul,126.92364679999999,37.6131969
2082,school,Seoul,126.92364020000001,37.6132076
2082,elementaryschool,Seoul,126.92341000000002,37.6135802
2082,school,Seoul,126.9233856,37.6136641
2082,elementaryschool,Seoul,126.9234717,37.61394670000001
2082,middleschool,Seoul,126.9305589,37.61311
2082,middleschool,Seoul,126.93077830000001,37.613736300000006
2082,school,Seoul,126.9315483,37.61355149999999
2082,highschool,Seoul,126.93147110000001,37.61313670000001
2082,school,Seoul,126.9317802,37.612487400000006
2082,school,Seoul,126.93172009999999,37.6124643
2082,elementaryschool,Seoul,126.9315048,37.61238060000001
2082,school,Seoul,126.9315271,37.6123366
2082,highschool,Seoul,126.9314678,37.61231030000001
2082,elementaryschool,Seoul,126.931545,37.6121237
2082,elementaryschool,Seoul,126.9311515,37.6120185
2082,school,Seoul,126.93083510000001,37.6117268
2082,elementaryschool,Seoul,126.9306377,37.61178120000001
2082,highschool,Seoul,126.93068920000002,37.6122299
2082,middleschool,Seoul,126.9302439,37.6125061
2082,middleschool,Seoul,126.9305589,37.61311
2082,elementaryschool,Seoul,126.90260300000001,37.5587443
2082,elementaryschool,Seoul,126.90340089999998,37.5576167
2082,middleschool,Seoul,126.9024973,37.55743030000001
2082,elementaryschool,Seoul,126.9021207,37.55795989999999
2082,elementaryschool,Seoul,126.90208280000002,37.557943
2082,highschool,Seoul,126.9017781,37.5583729
2082,middleschool,Seoul,126.90260300000001,37.5587443
2082,school,Seoul,126.9225111,37.519805399999996
2082,elementaryschool,Seoul,126.92272779999999,37.5199422
2501,supermarket,Seoul,126.9231192,37.5201876
2082,school,Seoul,126.92373820000002,37.5195499
2082,elementaryschool,Seoul,126.9228743,37.51901010000001
2110,hospital,Seoul,126.92262640000001,37.518853
2082,middleschool,Seoul,126.92233180000001,37.51897279999999
2082,school,Seoul,126.92215290000001,37.5191516
2082,elementaryschool,Seoul,126.92190039999998,37.519404699999996
2082,middleschool,Seoul,126.9225111,37.519805399999996
2082,middleschool,Seoul,126.9228743,37.51901010000001
2082,elementaryschool,Seoul,126.92373820000002,37.5195499
2082,school,Seoul,126.92434540000002,37.51893770000001
2082,highschool,Seoul,126.92467970000001,37.5185967
2082,middleschool,Seoul,126.9247392,37.518536
2082,highschool,Seoul,126.92476950000001,37.5185017
2082,elementaryschool,Seoul,126.9247794,37.5184784
2082,school,Seoul,126.9247806,37.5184511
2082,school,Seoul,126.9247681,37.5184277
2082,elementaryschool,Seoul,126.9243544,37.5181721
2082,elementaryschool,Seoul,126.92422109999998,37.518224800000006
2082,elementaryschool,Seoul,126.923953,37.51832399999999
2082,school,Seoul,126.92373260000001,37.5184173
2082,highschool,Seoul,126.9234,37.5185484
2082,elementaryschool,Seoul,126.92310549999999,37.51866209999999
2082,school,Seoul,126.922898,37.51874480000001
2082,elementaryschool,Seoul,126.92262640000001,37.518853
2082,middleschool,Seoul,126.9228743,37.51901010000001
2110,hospital,Seoul,127.05422460000001,37.5165172
2082,school,Seoul,127.0570507,37.519238300000005
2082,elementaryschool,Seoul,127.0583773,37.5166304
2082,middleschool,Seoul,127.0570571,37.5162959
2082,middleschool,Seoul,127.0566655,37.5162449
2082,highschool,Seoul,127.05625240000002,37.51613
2082,highschool,Seoul,127.0557857,37.51593849999999
2082,highschool,Seoul,127.055378,37.515683200000005
2082,elementaryschool,Seoul,127.05502929999999,37.5153896
2082,highschool,Seoul,127.0549847,37.5146903
2082,elementaryschool,Seoul,127.05396990000001,37.51451039999999
2082,highschool,Seoul,127.05351749999998,37.5148121
2082,school,Seoul,127.05422460000001,37.5165172
2082,school,Seoul,127.10508119999999,37.522944100000004
2082,middleschool,Seoul,127.10522669999999,37.5216333
2501,supermarket,Seoul,127.10508710000002,37.5216171
2082,elementaryschool,Seoul,127.1049434,37.52163840000001
2501,supermarket,Seoul,127.1047048,37.5215712
2082,elementaryschool,Seoul,127.1045232,37.5216322
2082,highschool,Seoul,127.10450720000001,37.5229356
2082,elementaryschool,Seoul,127.10508119999999,37.522944100000004
2082,school,Seoul,127.1054458,37.5229288
2082,school,Seoul,127.10706069999999,37.522961099999996
2082,school,Seoul,127.1072747,37.5220236
2082,school,Seoul,127.10523320000001,37.5217479
2082,school,Seoul,127.1052207,37.521915
2082,school,Seoul,127.10518310000002,37.522419600000006
2082,school,Seoul,127.10517140000002,37.5225772
2082,highschool,Seoul,127.10514560000001,37.52292280000001
2082,highschool,Seoul,127.1054458,37.5229288
2082,highschool,Seoul,126.976279,37.4939837
2082,elementaryschool,Seoul,126.9766085,37.4943909
2082,middleschool,Seoul,126.976648,37.4944764
2082,highschool,Seoul,126.9769637,37.49451880000001
2082,elementaryschool,Seoul,126.97721440000001,37.494504500000005
2082,middleschool,Seoul,126.97792210000001,37.4941634
2082,highschool,Seoul,126.9776683,37.4938776
2082,elementaryschool,Seoul,126.9776402,37.4936667
2082,elementaryschool,Seoul,126.9774907,37.49372170000001
2082,middleschool,Seoul,126.9773186,37.49374720000001
2082,middleschool,Seoul,126.977107,37.4937538
2082,elementaryschool,Seoul,126.9769309,37.493725
2082,elementaryschool,Seoul,126.9767444,37.493680399999995
2082,highschool,Seoul,126.97654800000001,37.4936086
2082,school,Seoul,126.97637280000001,37.49352
2082,highschool,Seoul,126.9761561,37.4936373
2082,elementaryschool,Seoul,126.976279,37.4939837
2082,highschool,Seoul,126.9770488,37.49582259999999
2082,school,Seoul,126.9778992,37.4955748
2082,school,Seoul,126.9775187,37.494850199999995
2082,school,Seoul,126.97763550000002,37.4947446
2082,school,Seoul,126.97814820000002,37.494519
2082,school,Seoul,126.97792210000001,37.4941634
2082,highschool,Seoul,126.97721440000001,37.494504500000005
2082,elementaryschool,Seoul,126.9769637,37.49451880000001
2082,elementaryschool,Seoul,126.976648,37.4944764
2082,middleschool,Seoul,126.97658430000001,37.494864100000015
2082,highschool,Seoul,126.9770488,37.49582259999999
2082,elementaryschool,Seoul,127.09848389999999,37.5445971
2082,elementaryschool,Seoul,127.0987736,37.5445546
2082,middleschool,Seoul,127.098956,37.544529
2110,hospital,Seoul,127.09889160000002,37.5443929
2110,hospital,Seoul,127.09855900000001,37.5444355
2082,elementaryschool,Seoul,127.09851609999998,37.5442909
2082,elementaryschool,Seoul,127.09888090000001,37.54421429999999
2082,elementaryschool,Seoul,127.09888090000001,37.5440867
2082,elementaryschool,Seoul,127.0984732,37.54414620000001
2082,middleschool,Seoul,127.0984195,37.54395060000001
2082,elementaryschool,Seoul,127.09828,37.544001599999994
2082,elementaryschool,Seoul,127.09848389999999,37.5445971
2082,school,Seoul,127.0977973,37.5449502
2082,school,Seoul,127.0980118,37.5449161
2082,highschool,Seoul,127.0980977,37.5450267
2082,middleschool,Seoul,127.09785090000001,37.54512030000001
2082,elementaryschool,Seoul,127.0979689,37.5452564
2082,middleschool,Seoul,127.0988702,37.545035199999994
2110,hospital,Seoul,127.098736,37.544918700000004
2082,school,Seoul,127.09847709999998,37.5449512
2082,school,Seoul,127.09820499999998,37.5449927
2082,school,Seoul,127.0981406,37.544890599999995
2082,school,Seoul,127.09825860000001,37.54486510000001
2082,elementaryschool,Seoul,127.09821570000001,37.544720500000004
2501,supermarket,Seoul,127.0977222,37.5448226
2082,elementaryschool,Seoul,127.0977973,37.5449502
2082,school,Seoul,127.06298950000001,37.53339019999999
2082,highschool,Seoul,127.063821,37.5338837
2082,school,Seoul,127.0644544,37.5332313
2082,school,Seoul,127.06367569999999,37.5326362
2082,school,Seoul,127.0629036,37.5328287
2082,elementaryschool,Seoul,127.06264609999998,37.5329903
2082,school,Seoul,127.06298950000001,37.53339019999999
2082,middleschool,Seoul,127.08737730000001,37.5163718
2082,elementaryschool,Seoul,127.0877477,37.516410400000005
2082,school,Seoul,127.08798460000001,37.5164351
2082,school,Seoul,127.0884896,37.5161273
2082,school,Seoul,127.088846,37.5158703
2082,elementaryschool,Seoul,127.0880467,37.5150022
2082,school,Seoul,127.0868021,37.5157596
2082,school,Seoul,127.08737730000001,37.5163718
2082,school,Seoul,127.08842050000001,37.5151139
2082,school,Seoul,127.0890273,37.5157438
2082,middleschool,Seoul,127.08907120000002,37.5157894
2082,school,Seoul,127.0899349,37.5153087
2082,school,Seoul,127.0899495,37.515226900000016
2082,school,Seoul,127.08999770000001,37.514957
2082,school,Seoul,127.0900261,37.514798000000006
2082,school,Seoul,127.08952190000001,37.51432570000001
2082,highschool,Seoul,127.0889103,37.5146916
2082,elementaryschool,Seoul,127.08855400000002,37.51430570000001
2082,middleschool,Seoul,127.0879769,37.514653300000006
2082,elementaryschool,Seoul,127.08842050000001,37.5151139
2082,school,Seoul,127.0878512,37.5146842
2082,school,Seoul,127.0891738,37.513876200000006
2082,school,Seoul,127.08863110000001,37.513303199999996
2082,school,Seoul,127.08860140000002,37.5132718
2082,school,Seoul,127.0880813,37.51356990000001
2082,school,Seoul,127.0879902,37.51362120000001
2082,school,Seoul,127.08722610000001,37.5140513
2082,elementaryschool,Seoul,127.0878512,37.5146842
2082,middleschool,Seoul,127.0956813,37.51421100000001
2082,elementaryschool,Seoul,127.09608660000002,37.51326
2082,elementaryschool,Seoul,127.09479510000001,37.5130279
2082,elementaryschool,Seoul,127.0944518,37.5139342
2082,middleschool,Seoul,127.0956813,37.51421100000001
2110,hospital,Seoul,127.08979130000002,37.51051850000002
2110,hospital,Seoul,127.0907503,37.5100152
2082,elementaryschool,Seoul,127.0899081,37.50912579999999
2082,elementaryschool,Seoul,127.0890129,37.509643600000004
2082,highschool,Seoul,127.08979130000002,37.51051850000002
2082,middleschool,Seoul,127.0948004,37.5090855
2082,elementaryschool,Seoul,127.09554610000001,37.508694
2082,middleschool,Seoul,127.09475220000002,37.5077705
2082,highschool,Seoul,127.09402800000001,37.50817910000001
2082,middleschool,Seoul,127.0948004,37.5090855
2082,elementaryschool,Seoul,127.08348629999999,37.50697379999999
2082,elementaryschool,Seoul,127.0835029,37.5070214
2082,highschool,Seoul,127.08352449999998,37.50706960000001
2501,supermarket,Seoul,127.08359639999999,37.507230099999994
2082,elementaryschool,Seoul,127.0836907,37.50744069999998
2082,elementaryschool,Seoul,127.08507580000001,37.507039899999995
2082,middleschool,Seoul,127.08509770000002,37.50697520000001
2082,highschool,Seoul,127.0849435,37.50662950000001
2082,middleschool,Seoul,127.0849055,37.5065443
2082,middleschool,Seoul,127.0847313,37.5061536
2082,elementaryschool,Seoul,127.0844508,37.506233800000004
2082,school,Seoul,127.08329960000002,37.5065631
2082,elementaryschool,Seoul,127.08348629999999,37.50697379999999
2082,elementaryschool,Seoul,127.10511899999999,37.5032362
2082,elementaryschool,Seoul,127.10565539999999,37.502188200000006
2082,school,Seoul,127.10448860000001,37.501819
2082,highschool,Seoul,127.10393869999999,37.5028542
2082,elementaryschool,Seoul,127.10511899999999,37.5032362
2082,highschool,Seoul,127.0359276,37.4622089
2082,elementaryschool,Seoul,127.0357871,37.46233740000001
2110,hospital,Seoul,127.0360313,37.46250570000001
2082,middleschool,Seoul,127.0366462,37.4619438
2082,elementaryschool,Seoul,127.03668960000002,37.4619738
2082,highschool,Seoul,127.03684990000001,37.4618272
2082,elementaryschool,Seoul,127.0362853,37.4614379
2082,middleschool,Seoul,127.0356506,37.4620179
2082,middleschool,Seoul,127.0359276,37.4622089
2082,highschool,Seoul,126.9053617,37.491994700000006
2082,middleschool,Seoul,126.90575560000002,37.492442499999996
2082,highschool,Seoul,126.9064864,37.491982899999996
2082,school,Seoul,126.9058014,37.49130170000001
2082,highschool,Seoul,126.905262,37.4916758
2082,highschool,Seoul,126.9053617,37.491994700000006
2082,middleschool,Seoul,127.08641570000002,37.5472656
2082,elementaryschool,Seoul,127.08654980000001,37.54722730000001
2082,middleschool,Seoul,127.08641030000001,37.546921100000006
2082,elementaryschool,Seoul,127.0862923,37.546967800000004
2082,highschool,Seoul,127.08637279999999,37.5471252
2082,middleschool,Seoul,127.08627620000001,37.5471635
2110,hospital,Seoul,127.0861528,37.547150699999996
2501,supermarket,Seoul,127.08614750000001,37.54723150000001
2082,middleschool,Seoul,127.08641570000002,37.5472656
2110,hospital,Seoul,127.0637914,37.6150027
2082,elementaryschool,Seoul,127.0638451,37.6147244
2082,elementaryschool,Seoul,127.06364389999999,37.61468610000001
2082,elementaryschool,Seoul,127.0635822,37.6149815
2082,elementaryschool,Seoul,127.0637914,37.6150027
2082,middleschool,Seoul,127.0581454,37.61908439999999
2082,elementaryschool,Seoul,127.05874060000001,37.6183278
2082,elementaryschool,Seoul,127.0583061,37.6178434
2082,elementaryschool,Seoul,127.05817200000001,37.6179496
2082,middleschool,Seoul,127.0585263,37.6183408
2082,elementaryschool,Seoul,127.05817920000001,37.61880519999999
2082,elementaryschool,Seoul,127.0581332,37.6188652
2501,supermarket,Seoul,127.0580137,37.6190245
2501,supermarket,Seoul,127.0581454,37.61908439999999
2082,school,Seoul,127.11932489999998,37.5322218
2501,supermarket,Seoul,127.1194606,37.5323734
2082,highschool,Seoul,127.11976640000002,37.5331944
2082,highschool,Seoul,127.1199166,37.533288000000006
2082,school,Seoul,127.12101999999999,37.5330385
2110,hospital,Seoul,127.12111660000001,37.532957700000004
2082,middleschool,Seoul,127.1207642,37.5319055
2082,elementaryschool,Seoul,127.1207035,37.53175379999999
2082,elementaryschool,Seoul,127.12052280000002,37.53173530000001
2082,elementaryschool,Seoul,127.119246,37.5320374
2082,elementaryschool,Seoul,127.11932489999998,37.5322218
2082,elementaryschool,Seoul,127.0947998,37.4987461
2082,school,Seoul,127.09487880000002,37.4992457
2082,highschool,Seoul,127.0966182,37.4991393
2082,school,Seoul,127.0964838,37.4974974
2501,supermarket,Seoul,127.09628080000002,37.497409999999995
2082,elementaryschool,Seoul,127.09467269999999,37.497949199999994
2082,school,Seoul,127.0947998,37.4987461
2082,highschool,Seoul,127.1128724,37.515287
2082,middleschool,Seoul,127.1129269,37.51530189999999
2082,highschool,Seoul,127.1139042,37.51491599999999
2082,middleschool,Seoul,127.1131522,37.51370539999999
2082,school,Seoul,127.11213710000001,37.514105
2110,hospital,Seoul,127.1128724,37.515287
2082,middleschool,Seoul,127.12026260000002,37.509022900000005
2082,elementaryschool,Seoul,127.1210089,37.508713
2082,school,Seoul,127.1218713,37.5084299
2082,highschool,Seoul,127.1213286,37.50767319999999
2082,highschool,Seoul,127.1198075,37.50828479999999
2082,elementaryschool,Seoul,127.12026260000002,37.509022900000005
2082,highschool,Seoul,127.1208179,37.51418339999999
2082,highschool,Seoul,127.1210324,37.5142281
2082,school,Seoul,127.1219049,37.51388889999999
2501,supermarket,Seoul,127.1210633,37.512531300000006
2082,middleschool,Seoul,127.1200334,37.5128909
2082,elementaryschool,Seoul,127.1208179,37.51418339999999
2501,supermarket,Seoul,127.112444,37.50232569999999
2082,highschool,Seoul,127.11345330000002,37.502844
2501,supermarket,Seoul,127.1146488,37.5019895
2501,supermarket,Seoul,127.1152504,37.5013141
2501,supermarket,Seoul,127.1141748,37.5010375
2110,hospital,Seoul,127.1133698,37.50050110000001
2082,elementaryschool,Seoul,127.1128825,37.5009694
2082,school,Seoul,127.1125459,37.500800000000005
2082,school,Seoul,127.11243869999998,37.5009
2082,highschool,Seoul,127.112444,37.50232569999999
2082,school,Seoul,127.11711060000002,37.5019961
2082,highschool,Seoul,127.1171835,37.5019171
2082,middleschool,Seoul,127.11788029999998,37.5011193
2082,elementaryschool,Seoul,127.11752490000002,37.5009289
2082,school,Seoul,127.11669879999998,37.500545900000006
2082,elementaryschool,Seoul,127.1158504,37.5014575
2082,middleschool,Seoul,127.11711060000002,37.5019961
2082,highschool,Seoul,127.1173045,37.50232729999999
2082,school,Seoul,127.1186009,37.502981700000014
2082,highschool,Seoul,127.119348,37.5021256
2110,hospital,Seoul,127.1179623,37.5014232
2082,middleschool,Seoul,127.11742720000001,37.5020503
2082,school,Seoul,127.11728469999998,37.502217200000004
2082,highschool,Seoul,127.1173045,37.50232729999999
2110,hospital,Seoul,127.12942510000002,37.5051929
2082,elementaryschool,Seoul,127.1304054,37.50459430000001
2082,elementaryschool,Seoul,127.1293299,37.503485600000005
2082,middleschool,Seoul,127.1283494,37.50408430000001
2082,elementaryschool,Seoul,127.12942510000002,37.5051929
2082,middleschool,Seoul,127.12839220000001,37.4897913
2082,school,Seoul,127.13080620000001,37.48825050000001
2082,school,Seoul,127.12979500000002,37.4873519
2082,middleschool,Seoul,127.12872100000001,37.4879923
2082,elementaryschool,Seoul,127.128263,37.488283900000006
2082,highschool,Seoul,127.12782350000002,37.48864210000001
2082,elementaryschool,Seoul,127.12839220000001,37.4897913
2082,elementaryschool,Seoul,126.9649993,37.5333148
2082,middleschool,Seoul,126.9650602,37.533056600000016
2082,highschool,Seoul,126.9644665,37.532968600000004
2082,middleschool,Seoul,126.96440570000001,37.5332268
2082,highschool,Seoul,126.9649993,37.5333148
2082,middleschool,Seoul,127.0855428,37.52978600000001
2082,elementaryschool,Seoul,127.0851201,37.53031780000001
2082,highschool,Seoul,127.0863571,37.53088989999999
2082,elementaryschool,Seoul,127.08679100000002,37.5303134
2082,elementaryschool,Seoul,127.0868332,37.5302352
2082,elementaryschool,Seoul,127.0868389,37.5301547
2082,school,Seoul,127.0866022,37.528883300000004
2082,elementaryschool,Seoul,127.086157,37.528896700000004
2082,highschool,Seoul,127.08515959999998,37.52859279999999
2082,elementaryschool,Seoul,127.0845481,37.52932799999999
2082,elementaryschool,Seoul,127.0855428,37.52978600000001
2082,elementaryschool,Seoul,127.0827767,37.5313965
2082,highschool,Seoul,127.0830736,37.5314475
2082,school,Seoul,127.0832813,37.5314953
2082,school,Seoul,127.0834651,37.531547
2082,middleschool,Seoul,127.08374100000002,37.5310572
2082,elementaryschool,Seoul,127.0834695,37.5309604
2082,elementaryschool,Seoul,127.0832185,37.530898
2082,middleschool,Seoul,127.0828081,37.5308238
2082,highschool,Seoul,127.08264870000001,37.5308127
2082,highschool,Seoul,127.0826322,37.530828099999994
2082,highschool,Seoul,127.08256550000002,37.5313827
2082,elementaryschool,Seoul,127.0827767,37.5313965
2082,highschool,Seoul,127.07499500000002,37.53047240000001
2082,middleschool,Seoul,127.0762301,37.530254500000005
2082,highschool,Seoul,127.0760645,37.529664
2082,elementaryschool,Seoul,127.075479,37.529767199999995
2082,elementaryschool,Seoul,127.075474,37.5297492
2082,elementaryschool,Seoul,127.07482429999999,37.52986380000001
2082,middleschool,Seoul,127.07499500000002,37.53047240000001
2082,middleschool,Seoul,127.06866930000001,37.5351012
2082,highschool,Seoul,127.068775,37.5351234
2082,elementaryschool,Seoul,127.07008399999998,37.5347268
2082,elementaryschool,Seoul,127.06976520000002,37.53403790000001
2082,elementaryschool,Seoul,127.0683604,37.534439299999995
2082,highschool,Seoul,127.06866930000001,37.5351012
2082,elementaryschool,Seoul,126.94724480000002,37.5834214
2082,highschool,Seoul,126.9474031,37.5832831
2082,middleschool,Seoul,126.9472277,37.583154099999994
2082,elementaryschool,Seoul,126.94706579999999,37.58329599999999
2082,highschool,Seoul,126.94724480000002,37.5834214
2082,elementaryschool,Seoul,126.94329530000002,37.48105369999999
2082,highschool,Seoul,126.94331820000001,37.4810518
2082,elementaryschool,Seoul,126.94365300000001,37.48101470000001
2082,middleschool,Seoul,126.94382519999999,37.480997300000006
2082,elementaryschool,Seoul,126.94398210000001,37.48097920000001
2082,elementaryschool,Seoul,126.94402500000001,37.480972
2082,elementaryschool,Seoul,126.9440109,37.48090169999999
2082,middleschool,Seoul,126.9440048,37.4808658
2082,elementaryschool,Seoul,126.94393600000001,37.4804656
2082,elementaryschool,Seoul,126.9439277,37.48041460000001
2082,elementaryschool,Seoul,126.9439081,37.4803028
2082,highschool,Seoul,126.9438652,37.48007340000001
2082,elementaryschool,Seoul,126.9435859,37.48010219999999
2082,middleschool,Seoul,126.94350240000001,37.480111300000004
2082,elementaryschool,Seoul,126.9429042,37.4801712
2082,highschool,Seoul,126.94264430000001,37.4802089
2082,highschool,Seoul,126.94261250000001,37.480328199999995
2082,highschool,Seoul,126.9425539,37.4806596
2082,middleschool,Seoul,126.94247489999998,37.4811228
2082,elementaryschool,Seoul,126.94329530000002,37.48105369999999
2082,school,Seoul,126.9434618,37.4759863
2082,middleschool,Seoul,126.9435112,37.4762889
2082,elementaryschool,Seoul,126.94359089999999,37.476777
2082,elementaryschool,Seoul,126.9436166,37.4769342
2082,middleschool,Seoul,126.94391820000001,37.4769016
2082,highschool,Seoul,126.9440096,37.47689170000001
2082,elementaryschool,Seoul,126.9444335,37.4768458
2082,elementaryschool,Seoul,126.94477300000001,37.4768091
2082,elementaryschool,Seoul,126.9454282,37.476738100000006
2082,highschool,Seoul,126.94600609999999,37.4766732
2082,elementaryschool,Seoul,126.94594840000002,37.476340099999994
2082,middleschool,Seoul,126.94581100000002,37.47554770000001
2082,elementaryschool,Seoul,126.9435938,37.475801
2082,middleschool,Seoul,126.9434344,37.4758189
2110,hospital,Seoul,126.9434618,37.4759863
2082,elementaryschool,Seoul,126.9504286,37.4756822
2082,elementaryschool,Seoul,126.950594,37.47594010000001
2082,elementaryschool,Seoul,126.9510793,37.476744
2082,highschool,Seoul,126.95153940000002,37.4768003
2082,highschool,Seoul,126.9515762,37.4766118
2082,highschool,Seoul,126.9518159,37.475383900000004
2082,middleschool,Seoul,126.950428,37.4753622
2082,school,Seoul,126.9504286,37.4756822
2082,highschool,Seoul,127.12845930000002,37.505763999999985
2082,highschool,Seoul,127.1293868,37.5051912
2082,highschool,Seoul,127.1283401,37.5040962
2082,highschool,Seoul,127.1274193,37.5047192
2082,elementaryschool,Seoul,127.12845930000002,37.505763999999985
2501,supermarket,Seoul,126.9449549,37.4709888
2082,highschool,Seoul,126.9459501,37.4702872
2082,elementaryschool,Seoul,126.9451877,37.469648799999995
2082,elementaryschool,Seoul,126.9444086,37.47025800000001
2082,highschool,Seoul,126.9436826,37.470724100000005
2082,middleschool,Seoul,126.9449549,37.4709888
2082,highschool,Seoul,127.0405382,37.56283640000001
2082,elementaryschool,Seoul,127.0405581,37.561947499999995
2082,highschool,Seoul,127.0393781,37.5619375
2082,middleschool,Seoul,127.03936200000001,37.562851699999996
2082,elementaryschool,Seoul,127.0405382,37.56283640000001
2082,middleschool,Seoul,127.0416927,37.561654100000005
2082,elementaryschool,Seoul,127.04184820000002,37.5622735
2082,school,Seoul,127.0420692,37.5622707
2082,elementaryschool,Seoul,127.04252420000002,37.562017000000004
2082,elementaryschool,Seoul,127.0430174,37.56249179999999
2082,elementaryschool,Seoul,127.0438541,37.56231989999999
2082,middleschool,Seoul,127.0439646,37.5618564
2082,middleschool,Seoul,127.04405349999999,37.5614835
2082,elementaryschool,Seoul,127.04425959999999,37.5612477
2082,school,Seoul,127.0439237,37.5610874
2082,highschool,Seoul,127.0438346,37.561196900000006
2082,school,Seoul,127.04378499999999,37.5611935
2082,school,Seoul,127.0437207,37.5612454
2082,elementaryschool,Seoul,127.0436473,37.5612487
2082,school,Seoul,127.043467,37.5613759
2082,school,Seoul,127.0431005,37.5612424
2082,highschool,Seoul,127.0432538,37.5610086
2082,school,Seoul,127.0432,37.5609846
2082,school,Seoul,127.0431106,37.560768200000005
2082,elementaryschool,Seoul,127.0418734,37.56025669999999
2082,school,Seoul,127.041766,37.560404500000004
2082,elementaryschool,Seoul,127.04169299999998,37.560391800000005
2082,school,Seoul,127.04166800000002,37.5604587
2082,elementaryschool,Seoul,127.0416073,37.5605985
2082,highschool,Seoul,127.0415292,37.5607809
2082,school,Seoul,127.04147759999998,37.56079789999999
2082,elementaryschool,Seoul,127.0416927,37.561654100000005
2082,middleschool,Seoul,127.06408370000001,37.6519599
2082,elementaryschool,Seoul,127.06434349999999,37.6512306
2082,middleschool,Seoul,127.06444940000002,37.6509333
2082,elementaryschool,Seoul,127.06321420000002,37.6506575
2082,school,Seoul,127.06284859999998,37.651684100000004
2082,elementaryschool,Seoul,127.06408370000001,37.6519599
2082,highschool,Seoul,127.0652848,37.65223650000001
2082,elementaryschool,Seoul,127.0656401,37.65124920000001
2082,elementaryschool,Seoul,127.0647731,37.6510693
2082,highschool,Seoul,127.06449770000002,37.6510121
2082,school,Seoul,127.0641563,37.6519772
2110,hospital,Seoul,127.0652848,37.65223650000001
2082,middleschool,Seoul,126.9506297,37.5790391
2082,school,Seoul,126.95071320000001,37.57904889999999
2082,elementaryschool,Seoul,126.9507967,37.5791641
2082,highschool,Seoul,126.9507472,37.57924980000001
2082,middleschool,Seoul,126.9507596,37.579281699999996
2082,highschool,Seoul,126.95096670000001,37.5795855
2082,elementaryschool,Seoul,126.95102540000002,37.5797398
2082,elementaryschool,Seoul,126.95105939999999,37.5798035
2110,hospital,Seoul,126.9510934,37.579899100000006
2082,elementaryschool,Seoul,126.95115219999998,37.57995540000001
2082,elementaryschool,Seoul,126.95120910000001,37.5799915
2082,elementaryschool,Seoul,126.9512758,37.58003380000001
2082,elementaryschool,Seoul,126.95141190000001,37.58010730000001
2082,elementaryschool,Seoul,126.95173030000001,37.580023999999995
2082,middleschool,Seoul,126.9518941,37.5799383
2082,highschool,Seoul,126.95196540000002,37.5798979
2082,highschool,Seoul,126.95205130000001,37.579853500000006
2082,middleschool,Seoul,126.9524124,37.579624200000005
2082,elementaryschool,Seoul,126.9525206,37.57955239999999
2082,elementaryschool,Seoul,126.9524174,37.57945920000001
2501,supermarket,Seoul,126.9524073,37.5793846
2082,highschool,Seoul,126.95232999999999,37.5792988
2082,middleschool,Seoul,126.95216,37.5791224
2082,elementaryschool,Seoul,126.9521178,37.57907430000001
2082,middleschool,Seoul,126.95209600000001,37.5790494
2082,school,Seoul,126.9516963,37.5785933
2082,school,Seoul,126.95161900000001,37.57858349999999
2082,elementaryschool,Seoul,126.95139640000001,37.578649600000006
2082,middleschool,Seoul,126.9508678,37.57884070000001
2082,highschool,Seoul,126.9508183,37.5788431
2082,highschool,Seoul,126.9505525,37.57892890000001
2082,middleschool,Seoul,126.9506297,37.5790391
2082,school,Seoul,127.06809929999999,37.6527886
2082,school,Seoul,127.06879110000001,37.6529219
2082,highschool,Seoul,127.068936,37.6529848
2082,elementaryschool,Seoul,127.06916040000002,37.6531661
2082,elementaryschool,Seoul,127.06924920000002,37.653225299999995
2082,highschool,Seoul,127.06927780000001,37.65310870000001
2082,highschool,Seoul,127.06945020000002,37.6524075
2110,hospital,Seoul,127.0695329,37.6521335
2082,elementaryschool,Seoul,127.0695764,37.6519893
2082,school,Seoul,127.06960920000002,37.651767200000016
2082,elementaryschool,Seoul,127.0691417,37.651352700000004
2082,elementaryschool,Seoul,127.0688612,37.65111579999999
2082,middleschool,Seoul,127.06861350000001,37.6510048
2082,elementaryschool,Seoul,127.06855739999999,37.6511454
2082,middleschool,Seoul,127.06819280000002,37.6523815
2082,school,Seoul,127.06808060000002,37.652722000000004
2082,elementaryschool,Seoul,127.06809929999999,37.6527886
2082,middleschool,Seoul,126.95244459999999,37.5764099
2082,elementaryschool,Seoul,126.9526689,37.5766137
2082,elementaryschool,Seoul,126.9530463,37.576702100000006
2082,middleschool,Seoul,126.95325370000002,37.5766976
2082,elementaryschool,Seoul,126.95368280000001,37.5766773
2082,highschool,Seoul,126.9539641,37.5765805
2082,middleschool,Seoul,126.9542597,37.57633270000001
2082,middleschool,Seoul,126.9536061,37.575835
2082,elementaryschool,Seoul,126.953518,37.5758237
2082,school,Seoul,126.95326220000001,37.575645800000004
2082,middleschool,Seoul,126.95311729999999,37.5754701
2082,elementaryschool,Seoul,126.9525035,37.57503890000001
2082,middleschool,Seoul,126.95237989999998,37.5749735
2082,highschool,Seoul,126.9518101,37.57546339999999
2501,supermarket,Seoul,126.9516595,37.5756129
2082,elementaryschool,Seoul,126.95244459999999,37.5764099
2082,middleschool,Seoul,126.9431501,37.585
2082,elementaryschool,Seoul,126.9434555,37.58513380000001
2082,elementaryschool,Seoul,126.9435841,37.58527070000001
2082,school,Seoul,126.9435741,37.5853249
2082,elementaryschool,Seoul,126.94367660000002,37.5853281
2082,middleschool,Seoul,126.9437147,37.5853169
2082,elementaryschool,Seoul,126.94399,37.58513859999999
2082,middleschool,Seoul,126.94398000000001,37.58507490000001
2082,school,Seoul,126.94389960000001,37.58494910000001
2082,elementaryschool,Seoul,126.9439117,37.584759600000005
2082,middleschool,Seoul,126.9437228,37.5845829
2082,elementaryschool,Seoul,126.94352390000002,37.584492100000006
2110,hospital,Seoul,126.9435158,37.5843966
2082,elementaryschool,Seoul,126.94321439999999,37.584352
2082,middleschool,Seoul,126.9429833,37.5842994
2082,elementaryschool,Seoul,126.94289489999998,37.5844762
2082,elementaryschool,Seoul,126.94283459999998,37.58450640000001
2082,school,Seoul,126.9431501,37.585
2082,school,Seoul,127.07206950000001,37.535095000000005
2082,school,Seoul,127.07339,37.534735700000006
2501,supermarket,Seoul,127.0731074,37.53408240000001
2082,elementaryschool,Seoul,127.07178680000001,37.5344417
2082,highschool,Seoul,127.07206950000001,37.535095000000005
2082,school,Seoul,127.09161490000001,37.537768299999996
2082,elementaryschool,Seoul,127.0917032,37.5377754
2082,elementaryschool,Seoul,127.09230010000002,37.537562200000004
2082,elementaryschool,Seoul,127.0916663,37.5368371
2082,elementaryschool,Seoul,127.0912329,37.53722359999999
2082,highschool,Seoul,127.09122510000002,37.537280800000005
2082,highschool,Seoul,127.09161490000001,37.537768299999996
2082,elementaryschool,Seoul,127.07891900000001,37.53684059999999
2082,elementaryschool,Seoul,127.07896190000001,37.5370256
2082,school,Seoul,127.079038,37.5371746
2082,middleschool,Seoul,127.0792841,37.5371316
2082,elementaryschool,Seoul,127.07951559999998,37.5371327
2082,highschool,Seoul,127.0800311,37.53715360000001
2082,highschool,Seoul,127.08007910000002,37.5371997
2082,elementaryschool,Seoul,127.08021330000001,37.5371647
2082,elementaryschool,Seoul,127.0801784,37.53708569999999
2082,school,Seoul,127.0802027,37.5368478
2082,elementaryschool,Seoul,127.08020490000001,37.536702600000005
2082,elementaryschool,Seoul,127.0799744,37.5366076
2082,highschool,Seoul,127.07983880000002,37.53651620000001
2082,elementaryschool,Seoul,127.0797055,37.5364804
2082,highschool,Seoul,127.0793167,37.5364087
2082,elementaryschool,Seoul,127.0791563,37.53639080000001
2082,school,Seoul,127.07910560000002,37.5363897
2082,middleschool,Seoul,127.0790804,37.536489
2082,highschool,Seoul,127.07905010000002,37.5365664
2082,elementaryschool,Seoul,127.07903750000001,37.5367111
2082,elementaryschool,Seoul,127.07889860000002,37.536715199999996
2082,school,Seoul,127.07891900000001,37.53684059999999
2082,elementaryschool,Seoul,127.07262750000001,37.5363557
2082,middleschool,Seoul,127.07393450000001,37.5359157
2082,elementaryschool,Seoul,127.07340430000001,37.534739099999996
2110,hospital,Seoul,127.0720849,37.5351269
2082,school,Seoul,127.07262750000001,37.5363557
2082,middleschool,Seoul,127.07399620000001,37.53583750000001
2082,elementaryschool,Seoul,127.0754512,37.5353681
2110,hospital,Seoul,127.0751059,37.534540200000016
2082,school,Seoul,127.073618,37.5349705
2082,elementaryschool,Seoul,127.07399620000001,37.53583750000001
2082,school,Seoul,127.08651029999999,37.54342979999999
2082,elementaryschool,Seoul,127.0877186,37.5430976
2082,elementaryschool,Seoul,127.0871762,37.541783599999995
2082,highschool,Seoul,127.08594169999999,37.5421485
2082,elementaryschool,Seoul,127.08651029999999,37.54342979999999
2082,school,Seoul,127.0923189,37.5375345
2082,elementaryschool,Seoul,127.0928325,37.5372472
2082,elementaryschool,Seoul,127.09296430000002,37.5371141
2082,elementaryschool,Seoul,127.09230430000001,37.5360711
2082,highschool,Seoul,127.0922501,37.5361016
2082,highschool,Seoul,127.0918614,37.5365962
2082,school,Seoul,127.09188850000001,37.53661580000001
2082,elementaryschool,Seoul,127.09167750000002,37.5368091
2082,elementaryschool,Seoul,127.0923189,37.5375345
2082,school,Seoul,127.0795036,37.54315940000001
2110,hospital,Seoul,127.081285,37.54311620000001
2082,elementaryschool,Seoul,127.0812623,37.5424748
2082,elementaryschool,Seoul,127.0794718,37.5425649
2082,elementaryschool,Seoul,127.0795036,37.54315940000001
2082,elementaryschool,Seoul,127.07873450000001,37.5437776
2082,middleschool,Seoul,127.07888300000002,37.5438564
2082,middleschool,Seoul,127.0795575,37.54380660000001
2082,school,Seoul,127.0795522,37.54372620000001
2082,highschool,Seoul,127.0796726,37.54370990000001
2082,highschool,Seoul,127.07961300000001,37.5432336
2082,highschool,Seoul,127.0794974,37.54323180000001
2082,elementaryschool,Seoul,127.0793931,37.5430974
2082,elementaryschool,Seoul,127.07936160000001,37.542533000000006
2082,school,Seoul,127.0789129,37.5425635
2082,elementaryschool,Seoul,127.0786341,37.543124799999994
2082,school,Seoul,127.07873450000001,37.5437776
2082,school,Seoul,127.0910242,37.548101300000006
2082,school,Seoul,127.0919304,37.547481200000014
2082,middleschool,Seoul,127.0916762,37.54728360000001
2082,highschool,Seoul,127.09136160000001,37.54720979999999
2082,middleschool,Seoul,127.09114449999998,37.54720459999999
2082,elementaryschool,Seoul,127.0905108,37.5476665
2082,elementaryschool,Seoul,127.0910242,37.548101300000006
2082,highschool,Seoul,127.0900752,37.5335496
2082,elementaryschool,Seoul,127.09017599999999,37.5325049
2082,middleschool,Seoul,127.0889585,37.53245350000001
2082,school,Seoul,127.0889147,37.5329642
2082,middleschool,Seoul,127.08882320000001,37.5332184
2082,school,Seoul,127.0900752,37.5335496
2082,elementaryschool,Seoul,127.03179600000001,37.4831016
2082,elementaryschool,Seoul,127.03180889999999,37.4830637
2082,elementaryschool,Seoul,127.0326785,37.4831867
2110,hospital,Seoul,127.0328012,37.4826891
2082,school,Seoul,127.03202940000001,37.4825673
2082,elementaryschool,Seoul,127.03204230000001,37.482506
2082,middleschool,Seoul,127.0321576,37.48252310000001
2082,elementaryschool,Seoul,127.0321624,37.4825001
2082,elementaryschool,Seoul,127.03223790000001,37.482512400000005
2082,elementaryschool,Seoul,127.032254,37.4824379
2082,middleschool,Seoul,127.0321769,37.48242259999999
2082,elementaryschool,Seoul,127.0321816,37.4824039
2082,highschool,Seoul,127.03203420000001,37.4823379
2082,elementaryschool,Seoul,127.03191080000002,37.4823209
2082,elementaryschool,Seoul,127.0318819,37.4824737
2082,highschool,Seoul,127.03196769999998,37.4824865
2082,elementaryschool,Seoul,127.0319328,37.48265889999999
2082,elementaryschool,Seoul,127.03263759999999,37.48276570000001
2082,elementaryschool,Seoul,127.03256340000002,37.48306860000001
2082,school,Seoul,127.03186580000002,37.4829632
2082,elementaryschool,Seoul,127.0318499,37.48303140000001
2082,school,Seoul,127.0318094,37.4830271
2082,school,Seoul,127.03183040000002,37.48292959999999
2082,school,Seoul,127.03188720000001,37.4829377
2082,school,Seoul,127.0319189,37.48278270000001
2082,school,Seoul,127.0317499,37.4827615
2082,highschool,Seoul,127.0316748,37.483087100000006
2082,school,Seoul,127.03179600000001,37.4831016
2082,highschool,Seoul,126.9376338,37.481288
2082,school,Seoul,126.93785079999999,37.48152869999999
2082,elementaryschool,Seoul,126.9379659,37.4816585
2082,highschool,Seoul,126.9380663,37.4816225
2082,middleschool,Seoul,126.93818980000002,37.4815782
2082,highschool,Seoul,126.9382188,37.4815678
2082,elementaryschool,Seoul,126.93807160000001,37.481311399999996
2082,school,Seoul,126.9380178,37.48121859999999
2082,school,Seoul,126.9381809,37.481158699999995
2082,middleschool,Seoul,126.9383001,37.4809047
2082,middleschool,Seoul,126.93863020000002,37.480784299999996
2082,school,Seoul,126.93848750000001,37.4805375
2082,elementaryschool,Seoul,126.93903500000002,37.48033589999999
2082,elementaryschool,Seoul,126.93895829999998,37.4802005
2082,school,Seoul,126.93882800000002,37.4799737
2082,highschool,Seoul,126.9387225,37.4797762
2082,elementaryschool,Seoul,126.9386925,37.4797203
2082,elementaryschool,Seoul,126.9388204,37.4795992
2082,elementaryschool,Seoul,126.93886669999999,37.4795554
2082,elementaryschool,Seoul,126.93900680000002,37.479422799999995
2110,hospital,Seoul,126.93922260000001,37.4792185
2082,middleschool,Seoul,126.9393873,37.47905899999999
2082,elementaryschool,Seoul,126.93932070000001,37.479042799999995
2082,elementaryschool,Seoul,126.9390055,37.4789662
2082,elementaryschool,Seoul,126.93881630000001,37.47892029999999
2082,middleschool,Seoul,126.9387625,37.47891130000001
2082,elementaryschool,Seoul,126.93872860000002,37.4789074
2082,elementaryschool,Seoul,126.93869509999999,37.478905399999995
2082,middleschool,Seoul,126.93866089999999,37.4789067
2082,school,Seoul,126.93862660000002,37.4789118
2082,highschool,Seoul,126.9385923,37.4789188
2082,school,Seoul,126.9385596,37.47892840000001
2082,elementaryschool,Seoul,126.93824090000001,37.4790536
2082,elementaryschool,Seoul,126.9381126,37.479104
2082,middleschool,Seoul,126.937916,37.479829599999995
2082,elementaryschool,Seoul,126.9382539,37.4799294
2082,elementaryschool,Seoul,126.9380172,37.4804341
2082,school,Seoul,126.93801370000001,37.4806548
2082,highschool,Seoul,126.9379346,37.4808236
2082,highschool,Seoul,126.93754480000001,37.4811892
2082,school,Seoul,126.9376338,37.481288
2082,elementaryschool,Seoul,126.9501895,37.47255890000001
2082,school,Seoul,126.95029640000001,37.4725506
2082,elementaryschool,Seoul,126.950363,37.473103200000004
2082,elementaryschool,Seoul,126.95077910000002,37.4730725
2082,school,Seoul,126.95080890000001,37.473315899999996
2082,middleschool,Seoul,126.95088480000001,37.47331069999999
2082,school,Seoul,126.95092980000001,37.4737033
2082,highschool,Seoul,126.9513351,37.4740548
2082,elementaryschool,Seoul,126.9514619,37.474164800000004
2082,elementaryschool,Seoul,126.95205799999998,37.47414359999999
2082,elementaryschool,Seoul,126.9522027,37.47340259999999
2082,elementaryschool,Seoul,126.9530472,37.47348190000001
2082,school,Seoul,126.95305690000002,37.473308900000006
2082,highschool,Seoul,126.953061,37.47314720000001
2082,elementaryschool,Seoul,126.9530511,37.4729631
2082,elementaryschool,Seoul,126.9530306,37.47278839999999
2082,school,Seoul,126.95231890000001,37.472841300000006
2082,highschool,Seoul,126.95229040000001,37.4726166
2082,elementaryschool,Seoul,126.9522507,37.4723236
2082,middleschool,Seoul,126.95177250000002,37.4723634
2082,middleschool,Seoul,126.9517495,37.4723383
2082,middleschool,Seoul,126.9517214,37.4723167
2082,middleschool,Seoul,126.9516938,37.4723008
2082,elementaryschool,Seoul,126.95166490000001,37.4722864
2082,elementaryschool,Seoul,126.9516338,37.47203979999999
2082,elementaryschool,Seoul,126.9504366,37.4721214
2082,elementaryschool,Seoul,126.9503401,37.4722011
2082,highschool,Seoul,126.9503656,37.472430100000004
2082,elementaryschool,Seoul,126.9501742,37.4724454
2082,elementaryschool,Seoul,126.9501895,37.47255890000001
2501,supermarket,Seoul,126.9781911,37.4822999
2501,supermarket,Seoul,126.97824280000002,37.4828198
2082,middleschool,Seoul,126.9782783,37.48284720000001
2082,elementaryschool,Seoul,126.97951580000002,37.4827934
2082,elementaryschool,Seoul,126.9795511,37.48276190000001
2082,school,Seoul,126.97947049999999,37.4818573
2082,elementaryschool,Seoul,126.9794298,37.4818249
2082,elementaryschool,Seoul,126.9782036,37.4818524
2082,elementaryschool,Seoul,126.97816870000001,37.4818867
2082,elementaryschool,Seoul,126.9781911,37.4822999
2082,middleschool,Seoul,126.9487335,37.479375
2082,highschool,Seoul,126.9488553,37.4793627
2082,elementaryschool,Seoul,126.9488807,37.479520900000004
2082,elementaryschool,Seoul,126.9492843,37.47948
2501,supermarket,Seoul,126.9492313,37.479150000000004
2082,school,Seoul,126.9487059,37.4792032
2082,middleschool,Seoul,126.9487335,37.479375
2082,school,Seoul,127.0582031,37.4904442
2082,elementaryschool,Seoul,127.05817500000002,37.49048640000001
2082,highschool,Seoul,127.0584215,37.490593
2082,elementaryschool,Seoul,127.05844749999999,37.49055719999999
2082,highschool,Seoul,127.0586968,37.4906581
2082,middleschool,Seoul,127.05866880000002,37.490700999999994
2082,school,Seoul,127.058748,37.490741
2082,elementaryschool,Seoul,127.05899769999999,37.490389099999994
2082,elementaryschool,Seoul,127.05888109999998,37.49033510000001
2082,middleschool,Seoul,127.05871140000002,37.4905672
2082,school,Seoul,127.05802740000001,37.4902581
2082,middleschool,Seoul,127.058189,37.4900384
2082,elementaryschool,Seoul,127.0580627,37.4899883
2082,middleschool,Seoul,127.0578407,37.49029169999999
2082,elementaryschool,Seoul,127.0582031,37.4904442
2082,elementaryschool,Seoul,127.0496964,37.5577148
2082,middleschool,Seoul,127.0505332,37.5579104
2082,school,Seoul,127.0508363,37.5580677
2110,hospital,Seoul,127.0508578,37.557999699999996
2082,elementaryschool,Seoul,127.05103209999999,37.5575447
2082,elementaryschool,Seoul,127.0510093,37.557279
2082,elementaryschool,Seoul,127.0508539,37.55725199999999
2082,school,Seoul,127.0507961,37.5573211
2082,elementaryschool,Seoul,127.0507036,37.5573567
2082,elementaryschool,Seoul,127.050605,37.5573604
2082,elementaryschool,Seoul,127.050086,37.55724459999999
2082,middleschool,Seoul,127.04979530000001,37.5571743
2082,school,Seoul,127.04973230000002,37.5572848
2082,school,Seoul,127.0496857,37.55734030000001
2082,middleschool,Seoul,127.0496667,37.5574296
2082,middleschool,Seoul,127.0496475,37.557579999999994
2082,elementaryschool,Seoul,127.0496964,37.5577148
2082,elementaryschool,Seoul,127.0418359,37.5600856
2082,highschool,Seoul,127.0422678,37.5599091
2082,school,Seoul,127.042308,37.5597582
2082,highschool,Seoul,127.0425655,37.55974760000001
2082,elementaryschool,Seoul,127.0427309,37.559830399999996
2082,highschool,Seoul,127.0428031,37.5598665
2082,elementaryschool,Seoul,127.0429802,37.5599027
2082,middleschool,Seoul,127.04322399999998,37.5600695
2082,elementaryschool,Seoul,127.043294,37.5601174
2082,school,Seoul,127.04338620000001,37.5601282
2082,elementaryschool,Seoul,127.0435568,37.5602067
2082,highschool,Seoul,127.04355420000002,37.560395899999996
2082,middleschool,Seoul,127.04369200000001,37.56040240000001
2082,elementaryschool,Seoul,127.0437473,37.5605171
2082,elementaryschool,Seoul,127.04389050000002,37.560462
2082,highschool,Seoul,127.04412010000001,37.560542700000006
2082,elementaryschool,Seoul,127.0442714,37.5606703
2082,elementaryschool,Seoul,127.04440810000001,37.5606552
2082,elementaryschool,Seoul,127.0445412,37.5606405
2082,school,Seoul,127.0446324,37.5605416
2082,elementaryschool,Seoul,127.04498480000001,37.56053850000001
2082,elementaryschool,Seoul,127.04507230000002,37.5603598
2082,highschool,Seoul,127.04523320000001,37.560225899999985
2082,school,Seoul,127.04526,37.56005789999999
2082,highschool,Seoul,127.04542739999998,37.5600431
2082,elementaryschool,Seoul,127.0454194,37.5599559
2082,highschool,Seoul,127.0455712,37.5599452
2082,elementaryschool,Seoul,127.0456462,37.5598325
2082,middleschool,Seoul,127.04550680000001,37.5597589
2082,middleschool,Seoul,127.0452576,37.55962350000001
2082,elementaryschool,Seoul,127.0450749,37.5595242
2082,middleschool,Seoul,127.0452171,37.5593435
2082,elementaryschool,Seoul,127.0453168,37.5592356
2082,middleschool,Seoul,127.0453941,37.5591405
2082,elementaryschool,Seoul,127.0455936,37.5590309
2082,middleschool,Seoul,127.04558630000001,37.55892870000001
2082,middleschool,Seoul,127.0457357,37.5588015
2082,elementaryschool,Seoul,127.04585459999998,37.5586705
2082,school,Seoul,127.04590370000001,37.55863260000001
2082,elementaryschool,Seoul,127.0462035,37.5583518
2082,highschool,Seoul,127.04632799999999,37.5582638
2082,school,Seoul,127.04628089999999,37.558235800000006
2082,elementaryschool,Seoul,127.04615639999999,37.5581618
2082,school,Seoul,127.04598470000002,37.5580937
2082,school,Seoul,127.0457594,37.5580257
2082,highschool,Seoul,127.0457125,37.55800959999999
2082,school,Seoul,127.04563759999999,37.5580796
2082,elementaryschool,Seoul,127.04559310000002,37.558129400000006
2082,highschool,Seoul,127.0455109,37.5582213
2082,elementaryschool,Seoul,127.04547860000001,37.55825740000001
2082,elementaryschool,Seoul,127.045429,37.5583128
2082,elementaryschool,Seoul,127.0446375,37.5591978
2082,elementaryschool,Seoul,127.0445727,37.5592703
2082,middleschool,Seoul,127.0444574,37.559261799999994
2082,elementaryschool,Seoul,127.0441516,37.55923210000001
2082,elementaryschool,Seoul,127.04379490000001,37.55912150000001
2082,middleschool,Seoul,127.0436554,37.5590854
2082,highschool,Seoul,127.0435106,37.55907259999999
2082,elementaryschool,Seoul,127.04339790000002,37.5590939
2082,elementaryschool,Seoul,127.04334960000001,37.5591085
2082,elementaryschool,Seoul,127.04330670000002,37.5591215
2082,highschool,Seoul,127.04315630000002,37.559254700000004
2082,elementaryschool,Seoul,127.04307939999998,37.5592946
2082,elementaryschool,Seoul,127.04299899999998,37.55931579999999
2082,elementaryschool,Seoul,127.042897,37.5593222
2082,elementaryschool,Seoul,127.04218430000002,37.5593853
2082,middleschool,Seoul,127.04212190000001,37.5593818
2082,elementaryschool,Seoul,127.0421194,37.55944759999999
2082,middleschool,Seoul,127.0421101,37.55963909999999
2082,elementaryschool,Seoul,127.04210039999998,37.55984949999999
2082,elementaryschool,Seoul,127.0420736,37.55990690000002
2082,middleschool,Seoul,127.04183900000001,37.5600115
2082,middleschool,Seoul,127.041792,37.5600324
2082,elementaryschool,Seoul,127.0418359,37.5600856
2082,elementaryschool,Seoul,126.9332348,37.4798658
2082,highschool,Seoul,126.93376959999999,37.48063799999999
2082,middleschool,Seoul,126.9337821,37.4806561
2082,elementaryschool,Seoul,126.93415750000001,37.480411700000005
2082,highschool,Seoul,126.93437719999999,37.4802685
2082,school,Seoul,126.9349025,37.479926500000005
2110,hospital,Seoul,126.93469810000002,37.479766999999995
2082,elementaryschool,Seoul,126.93441680000001,37.4795475
2082,middleschool,Seoul,126.93413719999998,37.4793367
2082,highschool,Seoul,126.9335883,37.479301500000005
2082,middleschool,Seoul,126.9333256,37.4797621
2082,highschool,Seoul,126.9332027,37.47981599999999
2082,elementaryschool,Seoul,126.9332348,37.4798658
2082,highschool,Seoul,127.0883048,37.551342299999995
2082,highschool,Seoul,127.08855580000001,37.55083330000001
2082,highschool,Seoul,127.08813600000002,37.55044240000001
2082,elementaryschool,Seoul,127.0881378,37.550441199999995
2082,elementaryschool,Seoul,127.08845110000001,37.55024099999999
2082,school,Seoul,127.08766750000001,37.5493911
2082,middleschool,Seoul,127.08716580000001,37.54898680000001
2082,elementaryschool,Seoul,127.08699390000001,37.5489637
2082,school,Seoul,127.08681140000002,37.548840000000006
2082,elementaryschool,Seoul,127.086676,37.548969
2082,elementaryschool,Seoul,127.0864233,37.5487555
2082,highschool,Seoul,127.0862056,37.5489092
2082,middleschool,Seoul,127.08653630000002,37.549205400000005
2082,elementaryschool,Seoul,127.0864081,37.54945080000001
2082,middleschool,Seoul,127.086631,37.5495764
2082,school,Seoul,127.08610100000001,37.550656200000006
2082,elementaryschool,Seoul,127.0883048,37.551342299999995
2082,school,Seoul,126.9740727,37.4745926
2082,highschool,Seoul,126.974282,37.4748177
2082,elementaryschool,Seoul,126.97514360000001,37.47496660000001
2082,school,Seoul,126.9753252,37.474287000000004
2082,elementaryschool,Seoul,126.9751345,37.4741261
2082,middleschool,Seoul,126.97485470000001,37.4738902
2082,elementaryschool,Seoul,126.97436670000002,37.47348080000001
2082,elementaryschool,Seoul,126.97397710000001,37.4731943
2082,highschool,Seoul,126.973618,37.4734575
2082,highschool,Seoul,126.9732298,37.473848000000004
2082,elementaryschool,Seoul,126.9740727,37.4745926
2082,middleschool,Seoul,126.9617117,37.4812403
2082,school,Seoul,126.9618288,37.481349200000004
2082,elementaryschool,Seoul,126.96200730000001,37.4814045
2082,elementaryschool,Seoul,126.96216939999998,37.48141139999999
2082,middleschool,Seoul,126.9628898,37.4808339
2082,middleschool,Seoul,126.9626555,37.4807844
2082,highschool,Seoul,126.9617519,37.479503
2082,elementaryschool,Seoul,126.9611458,37.4797867
2082,school,Seoul,126.961018,37.4799945
2082,elementaryschool,Seoul,126.9606945,37.4801996
2082,elementaryschool,Seoul,126.9617117,37.4812403
2082,elementaryschool,Seoul,126.96878180000002,37.4733482
2082,elementaryschool,Seoul,126.9696183,37.4732767
2082,elementaryschool,Seoul,126.9697721,37.4733089
2082,highschool,Seoul,126.9698948,37.47333900000001
2082,highschool,Seoul,126.9700694,37.4728959
2082,school,Seoul,126.9700121,37.4723153
2082,elementaryschool,Seoul,126.9693374,37.47216099999999
2082,middleschool,Seoul,126.96872969999998,37.47272060000001
2082,middleschool,Seoul,126.96878180000002,37.4733482
2082,middleschool,Seoul,127.12085950000001,37.5100324
2082,elementaryschool,Seoul,127.1216708,37.50972279999999
2082,elementaryschool,Seoul,127.1210089,37.508713
2082,elementaryschool,Seoul,127.12026260000002,37.509022900000005
2082,elementaryschool,Seoul,127.12085950000001,37.5100324
2082,middleschool,Seoul,126.95593840000001,37.6111241
2082,elementaryschool,Seoul,126.95624889999999,37.6116471
2082,elementaryschool,Seoul,126.95633449999998,37.611672600000006
2082,elementaryschool,Seoul,126.9564559,37.6103665
2082,middleschool,Seoul,126.95553870000002,37.610211
2082,highschool,Seoul,126.95552799999999,37.6104485
2082,elementaryschool,Seoul,126.95593840000001,37.6111241
2082,elementaryschool,Seoul,126.9706733,37.5876492
2110,hospital,Seoul,126.97086700000001,37.5876866
2082,elementaryschool,Seoul,126.97093189999998,37.587643299999996
2082,elementaryschool,Seoul,126.97123129999999,37.58772859999999
2082,highschool,Seoul,126.97235060000001,37.5880474
2082,highschool,Seoul,126.9729491,37.587415
2082,elementaryschool,Seoul,126.9730082,37.58719829999999
2082,middleschool,Seoul,126.9729491,37.5869231
2082,elementaryschool,Seoul,126.9729023,37.5868177
2110,hospital,Seoul,126.9726559,37.58677900000001
2082,highschool,Seoul,126.9724873,37.5867534
2082,middleschool,Seoul,126.97243580000001,37.58671280000001
2082,elementaryschool,Seoul,126.9723961,37.58644639999999
2082,highschool,Seoul,126.97242990000001,37.5863631
2082,elementaryschool,Seoul,126.9722545,37.5863042
2110,hospital,Seoul,126.9721215,37.58619699999999
2082,middleschool,Seoul,126.97192940000001,37.585974500000006
2110,hospital,Seoul,126.97167320000001,37.58594480000001
2110,hospital,Seoul,126.97141970000001,37.5858854
2082,highschool,Seoul,126.971199,37.5858596
2501,supermarket,Seoul,126.9711668,37.5857491
2082,elementaryschool,Seoul,126.97076590000002,37.585661800000004
2082,school,Seoul,126.97063089999999,37.58587570000001
2082,elementaryschool,Seoul,126.97058349999999,37.585928300000006
2082,elementaryschool,Seoul,126.9704828,37.58591719999999
2082,school,Seoul,126.970408,37.5859977
2082,elementaryschool,Seoul,126.9700814,37.58714990000001
2082,highschool,Seoul,126.969767,37.5870945
2082,elementaryschool,Seoul,126.9696388,37.587415
2082,middleschool,Seoul,126.9706733,37.5876492
2082,elementaryschool,Seoul,126.97004520000002,37.5901494
2082,elementaryschool,Seoul,126.97006,37.590571000000004
2082,elementaryschool,Seoul,126.9717151,37.589476
2082,elementaryschool,Seoul,126.97181119999999,37.58925940000001
2501,supermarket,Seoul,126.9718408,37.588919800000006
2082,elementaryschool,Seoul,126.9719664,37.5885041
2082,middleschool,Seoul,126.97235060000001,37.5880474
2110,hospital,Seoul,126.97123129999999,37.58772859999999
2501,supermarket,Seoul,126.9710058,37.5883577
2082,elementaryschool,Seoul,126.9706511,37.5882874
2082,school,Seoul,126.97049589999999,37.5887266
2082,school,Seoul,126.97046880000002,37.58913359999999
2082,school,Seoul,126.97036390000001,37.5894572
2082,elementaryschool,Seoul,126.9699122,37.589657599999995
2110,hospital,Seoul,126.96988260000002,37.5900733
2110,hospital,Seoul,126.97004520000002,37.5901494
2501,supermarket,Seoul,126.96900480000001,37.589049700000004
2082,school,Seoul,126.9689416,37.58922309999999
2082,elementaryschool,Seoul,126.96912149999999,37.5892828
2082,middleschool,Seoul,126.9691141,37.58946430000001
2082,school,Seoul,126.96954269999999,37.5895463
2082,school,Seoul,126.9699122,37.589657599999995
2082,school,Seoul,126.97036390000001,37.5894572
2082,elementaryschool,Seoul,126.97046880000002,37.58913359999999
2110,hospital,Seoul,126.97049589999999,37.5887266
2082,middleschool,Seoul,126.9706511,37.5882874
2082,elementaryschool,Seoul,126.9710058,37.5883577
2501,supermarket,Seoul,126.97123129999999,37.58772859999999
2501,supermarket,Seoul,126.97093189999998,37.587643299999996
2501,supermarket,Seoul,126.97086700000001,37.5876866
2110,hospital,Seoul,126.9706733,37.5876492
2082,elementaryschool,Seoul,126.9696388,37.587415
2082,school,Seoul,126.96936540000002,37.58803559999999
2082,school,Seoul,126.96912639999998,37.588399
2082,elementaryschool,Seoul,126.9688344,37.58872029999999
2082,elementaryschool,Seoul,126.9687009,37.58896729999999
2082,elementaryschool,Seoul,126.96900480000001,37.589049700000004
2082,school,Seoul,126.968542,37.5862082
2501,supermarket,Seoul,126.9688786,37.5861965
2082,elementaryschool,Seoul,126.9693535,37.586122100000004
2082,middleschool,Seoul,126.969812,37.5860663
2082,middleschool,Seoul,126.96981930000001,37.58603329999999
2082,elementaryschool,Seoul,126.96990780000002,37.5856338
2082,school,Seoul,126.96995619999998,37.58520750000001
2501,supermarket,Seoul,126.96961520000002,37.58519559999999
2082,elementaryschool,Seoul,126.9696173,37.585102
2082,highschool,Seoul,126.9691031,37.5851259
2110,hospital,Seoul,126.96914420000002,37.585827900000005
2082,elementaryschool,Seoul,126.96850130000001,37.58587690000001
2110,hospital,Seoul,126.968542,37.5862082
2110,hospital,Seoul,126.96730999999998,37.5848361
2501,supermarket,Seoul,126.96767990000001,37.5849563
2082,elementaryschool,Seoul,126.96801289999999,37.584537
2082,highschool,Seoul,126.9682201,37.584164699999995
2082,elementaryschool,Seoul,126.9679713,37.584184900000004
2082,middleschool,Seoul,126.96764290000002,37.5842116
2110,hospital,Seoul,126.9672582,37.58428490000001
2110,hospital,Seoul,126.9669548,37.584422700000005
2110,hospital,Seoul,126.96691779999999,37.5848068
2501,supermarket,Seoul,126.96730999999998,37.5848361
2110,hospital,Seoul,126.96786680000001,37.5850077
2082,middleschool,Seoul,126.9682693,37.5851184
2082,middleschool,Seoul,126.96835519999999,37.5855631
2501,supermarket,Seoul,126.96817460000001,37.5855815
2082,elementaryschool,Seoul,126.96816500000001,37.58579430000001
2110,hospital,Seoul,126.96850130000001,37.58587690000001
2082,highschool,Seoul,126.96914420000002,37.585827900000005
2501,supermarket,Seoul,126.9691031,37.5851259
2501,supermarket,Seoul,126.9696173,37.585102
2110,hospital,Seoul,126.9696371,37.58469829999999
2082,middleschool,Seoul,126.9694262,37.5839477
2082,school,Seoul,126.9688084,37.5840621
2082,elementaryschool,Seoul,126.9682201,37.584164699999995
2110,hospital,Seoul,126.96801289999999,37.584537
2082,highschool,Seoul,126.96767990000001,37.5849563
2082,middleschool,Seoul,126.96786680000001,37.5850077
2082,elementaryschool,Seoul,126.96057,37.6035596
2082,highschool,Seoul,126.9606034,37.60376550000001
2082,highschool,Seoul,126.96129560000001,37.6037329
2082,middleschool,Seoul,126.9613342,37.6036044
2082,elementaryschool,Seoul,126.96141239999999,37.6034226
2082,elementaryschool,Seoul,126.9614193,37.603171199999984
2082,middleschool,Seoul,126.9614032,37.6030509
2082,elementaryschool,Seoul,126.961348,37.602876
2082,highschool,Seoul,126.96120539999998,37.60255360000001
2082,elementaryschool,Seoul,126.9608203,37.6025581
2082,middleschool,Seoul,126.96071540000001,37.60261140000001
2082,elementaryschool,Seoul,126.96070090000002,37.6027319
2082,highschool,Seoul,126.9607311,37.60304690000002
2082,elementaryschool,Seoul,126.9605641,37.603386500000006
2082,elementaryschool,Seoul,126.96057,37.6035596
2082,middleschool,Seoul,126.96532910000002,37.5636778
2082,middleschool,Seoul,126.9666774,37.5635018
2082,highschool,Seoul,126.9666633,37.563144300000005
2082,middleschool,Seoul,126.96665680000001,37.5629799
2082,middleschool,Seoul,126.96622290000002,37.56298540000001
2082,elementaryschool,Seoul,126.96612809999999,37.5625828
2082,middleschool,Seoul,126.96542969999999,37.5626667
2082,elementaryschool,Seoul,126.9655833,37.5629179
2082,elementaryschool,Seoul,126.96554400000001,37.563155200000004
2501,supermarket,Seoul,126.96508529999998,37.5632323
2501,supermarket,Seoul,126.96532910000002,37.5636778
2110,hospital,Seoul,126.9633666,37.55668399999999
2082,highschool,Seoul,126.9634197,37.5566823
2082,elementaryschool,Seoul,126.96502709999999,37.5565894
2082,elementaryschool,Seoul,126.9652396,37.556574
2082,elementaryschool,Seoul,126.9651951,37.5563111
2082,elementaryschool,Seoul,126.96470690000001,37.5562091
2082,elementaryschool,Seoul,126.96439579999999,37.555996400000005
2501,supermarket,Seoul,126.96416509999999,37.5559326
2082,highschool,Seoul,126.96394519999998,37.555754
2082,elementaryschool,Seoul,126.9636072,37.5557455
2082,elementaryschool,Seoul,126.9628748,37.556211899999994
2082,highschool,Seoul,126.9633666,37.55668399999999
2082,highschool,Seoul,126.9612952,37.553950900000004
2082,highschool,Seoul,126.96145070000001,37.5539041
2082,school,Seoul,126.96163310000001,37.55392530000001
2082,elementaryschool,Seoul,126.96180480000001,37.5539976
2501,supermarket,Seoul,126.9618436,37.554161300000004
2082,elementaryschool,Seoul,126.9622465,37.554068699999995
2082,highschool,Seoul,126.9627489,37.55405290000001
2082,school,Seoul,126.96320760000002,37.55377870000001
2082,elementaryschool,Seoul,126.9630359,37.553610600000006
2082,highschool,Seoul,126.96257190000001,37.5532704
2082,elementaryschool,Seoul,126.96251019999998,37.55283870000001
2082,middleschool,Seoul,126.9623279,37.55263250000001
2501,supermarket,Seoul,126.96229830000001,37.55238799999999
2082,elementaryschool,Seoul,126.96180210000001,37.552390100000004
2082,highschool,Seoul,126.96122540000002,37.5534703
2082,middleschool,Seoul,126.9611493,37.5536758
2082,highschool,Seoul,126.96105380000002,37.553933799999996
2082,elementaryschool,Seoul,126.9612952,37.553950900000004
2082,highschool,Seoul,126.96376279999998,37.55038270000001
2082,elementaryschool,Seoul,126.9638325,37.5504465
2082,middleschool,Seoul,126.9639827,37.55077820000001
2082,elementaryschool,Seoul,126.9645085,37.5505613
2082,highschool,Seoul,126.9647713,37.550514500000006
2082,middleschool,Seoul,126.9653614,37.5503827
2082,school,Seoul,126.9641061,37.5495618
2082,middleschool,Seoul,126.96357580000002,37.5500139
2082,elementaryschool,Seoul,126.96376279999998,37.55038270000001
2082,elementaryschool,Seoul,126.9634892,37.5483741
2082,elementaryschool,Seoul,126.96390229999999,37.54822639999999
2501,supermarket,Seoul,126.96472300000002,37.5481626
2082,middleschool,Seoul,126.96505970000001,37.5481126
2082,elementaryschool,Seoul,126.9649143,37.546897300000005
2082,highschool,Seoul,126.96404710000002,37.54690790000001
2082,middleschool,Seoul,126.9634839,37.54693770000001
2082,elementaryschool,Seoul,126.9634892,37.5483741
2110,hospital,Seoul,126.95626330000002,37.55733010000001
2082,elementaryschool,Seoul,126.95889810000001,37.5571275
2082,elementaryschool,Seoul,126.9581971,37.5564329
2082,elementaryschool,Seoul,126.95751359999998,37.55552980000001
2110,hospital,Seoul,126.9571192,37.55469610000001
2110,hospital,Seoul,126.95635690000002,37.5549393
2110,hospital,Seoul,126.9560151,37.55523800000001
2501,supermarket,Seoul,126.9556295,37.55649540000001
2082,highschool,Seoul,126.95626330000002,37.55733010000001
2082,middleschool,Seoul,126.9743093,37.568738800000006
2501,supermarket,Seoul,126.9751662,37.56859480000001
2082,elementaryschool,Seoul,126.9750956,37.56846269999999
2082,highschool,Seoul,126.9749473,37.5681851
2082,middleschool,Seoul,126.97474189999998,37.5681429
2082,middleschool,Seoul,126.97468150000002,37.5680394
2082,elementaryschool,Seoul,126.9746115,37.5679197
2082,school,Seoul,126.9744149,37.5680223
2082,middleschool,Seoul,126.97438269999999,37.5679734
2082,highschool,Seoul,126.97425129999999,37.5680223
2082,middleschool,Seoul,126.974211,37.567984
2082,elementaryschool,Seoul,126.9738548,37.568135600000005
2110,hospital,Seoul,126.9743093,37.568738800000006
2501,supermarket,Seoul,126.9814769,37.578113
2082,highschool,Seoul,126.9815088,37.57823989999999
2082,elementaryschool,Seoul,126.98156310000002,37.57858800000002
2082,middleschool,Seoul,126.98186350000002,37.5785837
2082,elementaryschool,Seoul,126.9819224,37.5785827
2082,elementaryschool,Seoul,126.98192650000001,37.578496200000004
2082,middleschool,Seoul,126.98211229999998,37.5784925
2082,elementaryschool,Seoul,126.9823463,37.57773350000001
2501,supermarket,Seoul,126.98240260000001,37.57728920000001
2082,elementaryschool,Seoul,126.98181249999999,37.5773041
2110,hospital,Seoul,126.98168650000001,37.57801620000001
2082,elementaryschool,Seoul,126.9814626,37.5780107
2082,middleschool,Seoul,126.9814769,37.578113
2082,elementaryschool,Seoul,126.99786899999998,37.5795839
2082,elementaryschool,Seoul,126.9978462,37.580058199999996
2082,highschool,Seoul,127.00006140000002,37.58019079999999
2082,elementaryschool,Seoul,127.0001714,37.5801477
2082,school,Seoul,127.0002813,37.57958310000001
2110,hospital,Seoul,127.00060400000001,37.5797284
2082,highschool,Seoul,127.0013019,37.5799295
2082,highschool,Seoul,127.00144010000001,37.5799725
2082,elementaryschool,Seoul,127.00156889999998,37.579998499999995
2110,hospital,Seoul,127.00197150000001,37.5800125
2110,hospital,Seoul,127.00197839999998,37.579742
2082,highschool,Seoul,127.001612,37.57970970000001
2082,elementaryschool,Seoul,127.0010401,37.5793879
2501,supermarket,Seoul,127.00023639999999,37.578847
2110,hospital,Seoul,127.0002642,37.578741900000004
2110,hospital,Seoul,127.0002005,37.5786265
2110,hospital,Seoul,126.9998103,37.5784815
2082,school,Seoul,126.9997892,37.57841049999999
2082,middleschool,Seoul,126.9997437,37.57833959999999
2082,highschool,Seoul,126.99969580000001,37.5782794
2082,elementaryschool,Seoul,126.9995838,37.57822659999999
2082,middleschool,Seoul,126.99938409999999,37.5781508
2082,elementaryschool,Seoul,126.9991553,37.5780028
2082,elementaryschool,Seoul,126.998921,37.5778204
2082,highschool,Seoul,126.99790010000001,37.5775495
2082,highschool,Seoul,126.9979591,37.577726000000006
2082,elementaryschool,Seoul,126.9979444,37.5781327
2082,elementaryschool,Seoul,126.9970147,37.57811360000001
2082,elementaryschool,Seoul,126.9969303,37.578384500000006
2082,elementaryschool,Seoul,126.99676,37.5795995
2082,elementaryschool,Seoul,126.99786899999998,37.5795839
2082,middleschool,Seoul,127.0000247,37.5411198
2082,middleschool,Seoul,127.0005303,37.54230669999999
2082,elementaryschool,Seoul,127.0013589,37.5420942
2082,elementaryschool,Seoul,127.00161749999998,37.5418119
2082,middleschool,Seoul,127.00159960000002,37.54120850000001
2082,elementaryschool,Seoul,127.00157810000002,37.540000500000005
2082,elementaryschool,Seoul,127.00150940000002,37.53925060000001
2082,elementaryschool,Seoul,127.0011615,37.539263399999996
2082,elementaryschool,Seoul,127.00106680000002,37.5387677
2082,middleschool,Seoul,127.00100660000001,37.5387463
2082,highschool,Seoul,127.00094510000001,37.5387244
2082,middleschool,Seoul,127.0005183,37.538788400000016
2082,school,Seoul,127.00057390000002,37.5389671
2082,school,Seoul,127.00098280000002,37.53930390000001
2082,highschool,Seoul,127.00106840000001,37.5396567
2082,middleschool,Seoul,127.0010541,37.5397043
2082,elementaryschool,Seoul,127.00019190000002,37.539908
2082,middleschool,Seoul,126.99975840000002,37.5405452
2082,middleschool,Seoul,127.0000247,37.5411198
2082,elementaryschool,Seoul,127.0233072,37.563882799999995
2082,middleschool,Seoul,127.0234059,37.5638988
2082,elementaryschool,Seoul,127.0235245,37.56414099999999
2082,school,Seoul,127.02369160000002,37.564255900000006
2082,school,Seoul,127.0237539,37.56452710000001
2501,supermarket,Seoul,127.02384110000001,37.5644831
2082,highschool,Seoul,127.0241509,37.5640509
2082,middleschool,Seoul,127.0238817,37.563601500000004
2082,middleschool,Seoul,127.0237032,37.563421999999996
2082,elementaryschool,Seoul,127.02316160000001,37.563460500000005
2082,middleschool,Seoul,127.0233072,37.563882799999995
2501,supermarket,Seoul,126.9990818,37.4948732
2082,school,Seoul,126.99906730000001,37.49442239999999
2082,school,Seoul,126.99908240000002,37.494314800000005
2082,middleschool,Seoul,126.99913380000001,37.4943038
2082,highschool,Seoul,126.9991325,37.49426660000001
2082,middleschool,Seoul,126.9991253,37.494055200000005
2082,school,Seoul,126.9986543,37.494087
2082,elementaryschool,Seoul,126.9978568,37.4941407
2082,highschool,Seoul,126.9978436,37.49494250000001
2082,middleschool,Seoul,126.9990818,37.4948732
2082,highschool,Seoul,127.0083652,37.48598080000001
2082,highschool,Seoul,127.00945680000001,37.485590699999996
2082,middleschool,Seoul,127.0089358,37.48467290000001
2082,school,Seoul,127.00784420000001,37.48506299999999
2082,elementaryschool,Seoul,127.0083652,37.48598080000001
2082,school,Seoul,127.0040241,37.4849262
2082,elementaryschool,Seoul,127.0061464,37.484986500000005
2082,highschool,Seoul,127.00640609999999,37.485454000000004
2082,middleschool,Seoul,127.0081073,37.484861
2082,elementaryschool,Seoul,127.0083384,37.4847804
2082,school,Seoul,127.00818760000001,37.4845249
2082,school,Seoul,127.008009,37.48422240000001
2082,elementaryschool,Seoul,127.0081927,37.48358390000001
2082,middleschool,Seoul,127.0044929,37.4828851
2082,elementaryschool,Seoul,127.00393540000002,37.4843531
2082,middleschool,Seoul,127.0040241,37.4849262
2082,elementaryschool,Seoul,127.0053345,37.48960480000001
2110,hospital,Seoul,127.00534910000002,37.4896497
2082,school,Seoul,127.00594580000002,37.4898148
2082,elementaryschool,Seoul,127.0067815,37.489808499999995
2082,highschool,Seoul,127.0067646,37.4888465
2110,hospital,Seoul,127.00529930000002,37.4888188
2082,elementaryschool,Seoul,127.0053345,37.48960480000001
2501,supermarket,Seoul,126.9868252,37.586596400000005
2110,hospital,Seoul,126.98734200000001,37.5866881
2110,hospital,Seoul,126.98765730000001,37.5866588
2082,elementaryschool,Seoul,126.98780430000001,37.58614740000001
2082,school,Seoul,126.98788950000001,37.5859464
2082,elementaryschool,Seoul,126.9879082,37.5858715
2082,school,Seoul,126.98797680000001,37.5855806
2082,school,Seoul,126.9878632,37.5855595
2082,middleschool,Seoul,126.9876388,37.58523649999999
2110,hospital,Seoul,126.98752169999999,37.58519780000001
2082,elementaryschool,Seoul,126.9875461,37.584911600000005
2110,hospital,Seoul,126.98732660000002,37.584827600000004
2110,hospital,Seoul,126.987301,37.58474190000001
2110,hospital,Seoul,126.98734889999999,37.5846703
2082,highschool,Seoul,126.98744040000001,37.584409300000004
2082,highschool,Seoul,126.98763960000001,37.5838539
2082,middleschool,Seoul,126.9876328,37.58364329999999
2082,elementaryschool,Seoul,126.98760950000002,37.5835237
2082,middleschool,Seoul,126.98737130000002,37.583518600000005
2082,school,Seoul,126.98715020000002,37.58350680000001
2082,elementaryschool,Seoul,126.9870184,37.5834794
2082,elementaryschool,Seoul,126.98688749999998,37.5834359
2501,supermarket,Seoul,126.9868591,37.5833326
2082,elementaryschool,Seoul,126.98686940000002,37.583097
2082,highschool,Seoul,126.98677859999998,37.583098599999985
2082,highschool,Seoul,126.98674910000001,37.5832883
2082,highschool,Seoul,126.98669629999999,37.5835025
2082,middleschool,Seoul,126.9863032,37.58348960000001
2082,elementaryschool,Seoul,126.98609410000002,37.5861477
2082,school,Seoul,126.9868252,37.586596400000005
2082,school,Seoul,126.9241695,37.55480399999999
2082,elementaryschool,Seoul,126.92477420000002,37.5554786
2082,middleschool,Seoul,126.9259195,37.5548555
2082,school,Seoul,126.9259115,37.554343100000004
2082,school,Seoul,126.92539649999999,37.5543495
2082,school,Seoul,126.9249754,37.5542772
2082,school,Seoul,126.9242121,37.554590899999994
2082,elementaryschool,Seoul,126.92406510000001,37.55465610000001
2082,elementaryschool,Seoul,126.9241695,37.55480399999999
2082,elementaryschool,Seoul,126.9822833,37.578409400000005
2082,highschool,Seoul,126.98225920000002,37.57846
2082,elementaryschool,Seoul,126.98245069999999,37.578498300000014
2082,elementaryschool,Seoul,126.98242610000001,37.578534899999994
2082,elementaryschool,Seoul,126.98252290000002,37.5785572
2082,elementaryschool,Seoul,126.98284409999998,37.5786282
2082,elementaryschool,Seoul,126.9829597,37.5781989
2082,school,Seoul,126.98348240000001,37.5782385
2082,elementaryschool,Seoul,126.98368079999999,37.5776457
2082,elementaryschool,Seoul,126.98339960000001,37.5776861
2082,middleschool,Seoul,126.9833755,37.5777832
2082,elementaryschool,Seoul,126.983067,37.577760100000006
2082,elementaryschool,Seoul,126.98309929999999,37.5775695
2082,elementaryschool,Seoul,126.98349320000001,37.577588
2082,elementaryschool,Seoul,126.9835277,37.57741879999999
2082,elementaryschool,Seoul,126.98289860000001,37.57734270000001
2082,elementaryschool,Seoul,126.9825387,37.5772991
2082,elementaryschool,Seoul,126.9824697,37.57772159999999
2082,elementaryschool,Seoul,126.9822422,37.5783895
2501,supermarket,Seoul,126.9822833,37.578409400000005
2082,elementaryschool,Seoul,126.98562760000002,37.5800128
2082,elementaryschool,Seoul,126.9856319,37.5800642
2082,elementaryschool,Seoul,126.9856434,37.580246300000006
2082,school,Seoul,126.9860091,37.58023810000001
2082,elementaryschool,Seoul,126.9860112,37.57991299999999
2082,elementaryschool,Seoul,126.9860916,37.579894100000004
2110,hospital,Seoul,126.9861054,37.579336
2110,hospital,Seoul,126.98570169999999,37.5792842
2082,elementaryschool,Seoul,126.9853301,37.5792144
2082,elementaryschool,Seoul,126.9852107,37.5792565
2082,elementaryschool,Seoul,126.98515630000001,37.579405
2082,highschool,Seoul,126.9851342,37.5795429
2082,highschool,Seoul,126.9851273,37.5800374
2082,middleschool,Seoul,126.98562760000002,37.5800128
2082,highschool,Seoul,126.9874352,37.582257799999994
2082,elementaryschool,Seoul,126.98757660000001,37.5822633
2082,elementaryschool,Seoul,126.9876146,37.5823617
2082,elementaryschool,Seoul,126.98765909999999,37.5823685
2082,elementaryschool,Seoul,126.98765349999998,37.5824146
2082,elementaryschool,Seoul,126.9879562,37.5824273
2082,elementaryschool,Seoul,126.9879562,37.5825121
2082,elementaryschool,Seoul,126.98813220000001,37.582525800000006
2082,middleschool,Seoul,126.98816460000002,37.582304400000005
2110,hospital,Seoul,126.9881744,37.582253200000004
2082,elementaryschool,Seoul,126.9882412,37.5822258
2501,supermarket,Seoul,126.9882431,37.58215100000001
2082,school,Seoul,126.98830800000002,37.58215210000001
2082,middleschool,Seoul,126.9883628,37.58158730000001
2082,highschool,Seoul,126.9883703,37.58148390000001
2082,middleschool,Seoul,126.9881812,37.5814475
2082,school,Seoul,126.9880355,37.5814147
2082,elementaryschool,Seoul,126.9882165,37.5809638
2082,elementaryschool,Seoul,126.98827479999999,37.58038479999999
2082,highschool,Seoul,126.9881492,37.58036299999999
2110,hospital,Seoul,126.9878087,37.5803169
2082,middleschool,Seoul,126.9874041,37.58102590000001
2082,elementaryschool,Seoul,126.98740580000002,37.581070999999994
2082,highschool,Seoul,126.9875024,37.58113250000001
2082,elementaryschool,Seoul,126.98759060000002,37.58126310000001
2082,highschool,Seoul,126.98757629999999,37.58152780000001
2082,middleschool,Seoul,126.98755370000002,37.581585399999994
2501,supermarket,Seoul,126.9875013,37.5816808
2082,middleschool,Seoul,126.9874362,37.581681
2082,middleschool,Seoul,126.9874033,37.58169509999999
2082,highschool,Seoul,126.9873839,37.5817394
2082,highschool,Seoul,126.9874352,37.582257799999994
2082,school,Seoul,127.0731473,37.64576949999999
2110,hospital,Seoul,127.07313030000002,37.6458088
2082,school,Seoul,127.073231,37.6458362
2082,school,Seoul,127.07321680000001,37.64586880000001
2082,elementaryschool,Seoul,127.0734191,37.6459239
2082,middleschool,Seoul,127.07345199999999,37.645848199999996
2082,elementaryschool,Seoul,127.0741749,37.64604500000001
2110,hospital,Seoul,127.0742096,37.645965
2082,elementaryschool,Seoul,127.0740737,37.645928
2501,supermarket,Seoul,127.07410270000001,37.645861200000006
2082,elementaryschool,Seoul,127.0740549,37.6458482
2082,school,Seoul,127.07403,37.645905600000006
2082,middleschool,Seoul,127.0732042,37.64568080000001
2082,middleschool,Seoul,127.0734161,37.6451928
2082,highschool,Seoul,127.0733006,37.6451613
2082,highschool,Seoul,127.0730482,37.6457425
2110,hospital,Seoul,127.0731473,37.64576949999999
2082,school,Seoul,127.0740549,37.6458482
2082,school,Seoul,127.07410270000001,37.645861200000006
2082,school,Seoul,127.074231,37.6458969
2082,school,Seoul,127.0742973,37.645745899999994
2082,highschool,Seoul,127.07434160000001,37.645758
2501,supermarket,Seoul,127.0744061,37.64561100000001
2501,supermarket,Seoul,127.0743624,37.645599
2110,hospital,Seoul,127.07438800000001,37.6455407
2082,school,Seoul,127.07420900000001,37.6454914
2082,elementaryschool,Seoul,127.0742244,37.6454562
2082,middleschool,Seoul,127.0741609,37.6454387
2082,middleschool,Seoul,127.0740235,37.64575190000001
2082,school,Seoul,127.07400670000001,37.6457473
2082,elementaryschool,Seoul,127.07397230000001,37.6458257
2501,supermarket,Seoul,127.0740549,37.6458482
2082,middleschool,Seoul,127.0741938,37.64620289999999
2082,elementaryschool,Seoul,127.0745931,37.645361400000006
2110,hospital,Seoul,127.0736779,37.6450626
2082,school,Seoul,127.07334850000001,37.644955
2501,supermarket,Seoul,127.0729175,37.64584630000001
2082,elementaryschool,Seoul,127.0741938,37.64620289999999
2110,hospital,Seoul,127.0705686,37.64703360000001
2110,hospital,Seoul,127.0705494,37.6470793
2082,elementaryschool,Seoul,127.07084170000002,37.6471584
2501,supermarket,Seoul,127.0708725,37.64712490000001
2082,school,Seoul,127.0712379,37.647225399999996
2501,supermarket,Seoul,127.0715686,37.646546300000004
2501,supermarket,Seoul,127.0706455,37.64629360000001
2501,supermarket,Seoul,127.07059550000001,37.646375799999994
2082,highschool,Seoul,127.07054170000002,37.6464062
2082,middleschool,Seoul,127.0704879,37.646430600000016
2082,middleschool,Seoul,127.07046859999998,37.6464732
2082,elementaryschool,Seoul,127.0704763,37.6465098
2082,elementaryschool,Seoul,127.0704917,37.6465463
2501,supermarket,Seoul,127.0703532,37.6468295
2082,middleschool,Seoul,127.0703994,37.6468509
2082,school,Seoul,127.07034940000001,37.64697569999999
2110,hospital,Seoul,127.0705686,37.64703360000001
2082,elementaryschool,Seoul,127.07988840000002,37.6515488
2082,school,Seoul,127.08124639999998,37.651524900000005
2082,middleschool,Seoul,127.0812243,37.65127330000001
2110,hospital,Seoul,127.0811712,37.65066929999999
2082,middleschool,Seoul,127.07983469999999,37.650671
2501,supermarket,Seoul,127.07988840000002,37.6515488
2082,elementaryschool,Seoul,127.09324550000001,37.59686020000001
2082,highschool,Seoul,127.09324400000001,37.59687819999999
2110,hospital,Seoul,127.09333459999999,37.5968827
2082,school,Seoul,127.0933356,37.5968699
2082,middleschool,Seoul,127.0937617,37.5968911
2082,school,Seoul,127.09382090000001,37.596141900000006
2082,highschool,Seoul,127.09376480000002,37.5961391
2501,supermarket,Seoul,127.0937726,37.5960407
2501,supermarket,Seoul,127.0932714,37.596015900000005
2501,supermarket,Seoul,127.09326299999998,37.5961221
2082,highschool,Seoul,127.09322380000002,37.596120199999994
2082,school,Seoul,127.09316560000002,37.59685629999999
2501,supermarket,Seoul,127.09324550000001,37.59686020000001
2082,school,Seoul,127.0657139,37.4950078
2110,hospital,Seoul,127.06610310000002,37.49420400000001
